label,label_id
EC:-.-.-.-,0
EC:2.7.11.1,1
EC:2.7.7.6,2
EC:3.6.4.12,3
EC:3.6.4.13,4
EC:2.3.2.27,5
EC:5.2.1.8,6
EC:7.1.1.2,7
EC:7.1.2.2,8
EC:3.1.26.4,9
EC:2.7.7.7,10
EC:6.1.1.20,11
EC:4.2.1.33,12
EC:6.1.1.17,13
EC:6.5.1.2,14
EC:4.2.1.20,15
EC:2.7.4.3,16
EC:2.5.1.75,17
EC:2.1.3.15,18
EC:2.1.1.199,19
EC:6.1.1.15,20
EC:3.1.1.29,21
EC:7.4.2.8,22
EC:6.1.1.11,23
EC:3.1.26.5,24
EC:3.1.3.16,25
EC:6.1.1.7,26
EC:6.1.1.16,27
EC:6.1.1.4,28
EC:6.3.4.4,29
EC:4.2.1.11,30
EC:2.3.1.234,31
EC:6.1.1.19,32
EC:3.1.11.6,33
EC:3.5.1.5,34
EC:2.1.2.1,35
EC:6.1.1.21,36
EC:2.1.2.9,37
EC:2.1.1.228,38
EC:3.4.19.12,39
EC:2.8.1.13,40
EC:2.7.2.3,41
EC:3.6.1.27,42
EC:2.4.1.227,43
EC:4.2.3.5,44
EC:5.3.1.1,45
EC:6.1.1.14,46
EC:2.7.13.3,47
EC:5.4.99.12,48
EC:6.3.2.4,49
EC:2.7.4.6,50
EC:2.7.7.8,51
EC:3.1.22.4,52
EC:2.7.4.9,53
EC:3.4.21.92,54
EC:5.4.2.10,55
EC:2.1.3.2,56
EC:2.7.7.3,57
EC:6.3.2.8,58
EC:6.1.1.3,59
EC:2.7.1.148,60
EC:5.3.1.16,61
EC:3.1.1.96,62
EC:3.6.1.9,63
EC:2.7.8.13,64
EC:2.4.2.7,65
EC:2.7.8.7,66
EC:5.4.3.8,67
EC:2.4.2.18,68
EC:5.4.99.25,69
EC:2.7.1.33,70
EC:6.3.5.7,71
EC:2.5.1.78,72
EC:4.1.1.23,73
EC:1.2.1.70,74
EC:2.1.1.33,75
EC:6.1.1.5,76
EC:2.1.1.182,77
EC:2.8.4.3,78
EC:3.1.3.5,79
EC:4.3.2.1,80
EC:6.3.4.2,81
EC:1.2.1.41,82
EC:2.5.1.19,83
EC:6.3.2.1,84
EC:1.15.1.1,85
EC:2.1.1.192,86
EC:2.8.1.8,87
EC:4.3.2.10,88
EC:4.3.3.7,89
EC:3.1.1.4,90
EC:5.3.1.9,91
EC:2.1.2.11,92
EC:2.5.1.6,93
EC:7.1.1.9,94
EC:2.6.1.9,95
EC:6.1.1.1,96
EC:2.3.1.274,97
EC:3.1.3.48,98
EC:2.8.1.6,99
EC:4.2.1.10,100
EC:2.1.1.177,101
EC:2.5.1.141,102
EC:1.17.1.8,103
EC:1.1.1.94,104
EC:6.3.5.2,105
EC:2.5.1.7,106
EC:2.7.1.23,107
EC:2.4.2.9,108
EC:4.2.1.19,109
EC:2.5.1.18,110
EC:2.7.2.8,111
EC:3.5.1.88,112
EC:6.3.4.20,113
EC:2.7.4.22,114
EC:4.2.1.9,115
EC:2.3.1.181,116
EC:3.6.1.23,117
EC:6.3.4.5,118
EC:3.5.4.16,119
EC:6.3.2.9,120
EC:1.1.1.25,121
EC:6.1.1.10,122
EC:2.4.2.17,123
EC:6.3.2.6,124
EC:1.3.1.98,125
EC:2.7.4.25,126
EC:1.1.1.86,127
EC:2.2.1.7,128
EC:4.2.3.4,129
EC:1.1.1.267,130
EC:2.3.1.275,131
EC:3.6.1.15,132
EC:3.6.5.n1,133
EC:2.4.99.17,134
EC:2.5.1.61,135
EC:4.2.1.59,136
EC:1.1.1.37,137
EC:6.3.5.5,138
EC:1.4.4.2,139
EC:3.1.26.3,140
EC:5.3.1.6,141
EC:2.5.1.145,142
EC:2.7.10.1,143
EC:5.6.2.2,144
EC:2.2.1.2,145
EC:4.1.1.65,146
EC:6.2.1.5,147
EC:3.2.1.4,148
EC:6.1.1.23,149
EC:3.1.3.11,150
EC:4.1.1.37,151
EC:1.2.1.38,152
EC:3.4.25.1,153
EC:2.4.2.10,154
EC:1.17.7.4,155
EC:3.2.1.17,156
EC:5.1.1.1,157
EC:5.1.1.7,158
EC:2.1.1.45,159
EC:2.3.1.180,160
EC:7.3.2.1,161
EC:2.7.4.8,162
EC:2.8.4.4,163
EC:2.7.7.18,164
EC:2.7.1.39,165
EC:2.7.1.30,166
EC:2.7.1.71,167
EC:2.7.2.11,168
EC:6.1.1.6,169
EC:3.4.21.88,170
EC:2.7.1.130,171
EC:4.6.1.12,172
EC:4.1.1.11,173
EC:2.1.3.3,174
EC:5.3.1.24,175
EC:6.1.1.9,176
EC:6.3.3.1,177
EC:4.1.1.48,178
EC:2.3.3.13,179
EC:5.4.2.12,180
EC:6.3.5.3,181
EC:2.7.2.1,182
EC:2.4.1.21,183
EC:2.5.1.3,184
EC:2.7.7.60,185
EC:3.4.23.36,186
EC:6.3.4.19,187
EC:1.3.7.7,188
EC:1.3.5.2,189
EC:2.7.7.38,190
EC:2.8.1.10,191
EC:2.1.1.170,192
EC:2.1.1.77,193
EC:3.2.2.27,194
EC:2.7.7.4,195
EC:4.1.99.17,196
EC:1.4.3.5,197
EC:1.11.1.21,198
EC:5.3.1.23,199
EC:1.1.1.85,200
EC:2.1.1.166,201
EC:3.6.1.7,202
EC:3.5.1.18,203
EC:2.7.1.24,204
EC:1.7.1.13,205
EC:3.5.4.19,206
EC:5.4.2.11,207
EC:2.7.7.56,208
EC:3.5.2.3,209
EC:3.6.1.66,210
EC:3.2.1.21,211
EC:3.2.1.14,212
EC:2.3.2.6,213
EC:2.4.1.18,214
EC:2.4.2.29,215
EC:4.99.1.1,216
EC:5.1.1.3,217
EC:3.4.21.53,218
EC:1.17.7.3,219
EC:3.1.26.11,220
EC:3.2.1.8,221
EC:4.1.2.4,222
EC:4.6.1.17,223
EC:6.3.4.3,224
EC:2.7.7.48,225
EC:3.6.1.1,226
EC:4.2.1.96,227
EC:1.18.1.2,228
EC:2.3.1.47,229
EC:3.1.2.6,230
EC:3.2.1.23,231
EC:3.5.2.6,232
EC:3.6.1.31,233
EC:2.6.99.2,234
EC:3.4.25.2,235
EC:6.3.2.2,236
EC:2.1.2.10,237
EC:2.7.10.2,238
EC:2.7.1.50,239
EC:2.7.7.27,240
EC:1.11.1.7,241
EC:2.3.1.48,242
EC:2.4.1.129,243
EC:1.8.4.11,244
EC:2.3.1.225,245
EC:6.3.3.3,246
EC:2.3.1.31,247
EC:3.5.4.2,248
EC:1.1.1.23,249
EC:2.1.1.74,250
EC:2.3.2.23,251
EC:5.3.3.2,252
EC:1.11.1.24,253
EC:3.6.5.2,254
EC:2.7.1.11,255
EC:2.7.1.21,256
EC:3.1.21.2,257
EC:2.7.1.170,258
EC:4.1.99.22,259
EC:2.3.1.286,260
EC:2.7.8.26,261
EC:6.1.1.22,262
EC:7.2.1.1,263
EC:1.1.1.27,264
EC:2.2.1.9,265
EC:2.6.1.52,266
EC:3.5.2.7,267
EC:3.1.1.3,268
EC:1.17.4.1,269
EC:1.2.1.12,270
EC:6.1.1.12,271
EC:4.1.1.31,272
EC:6.3.1.5,273
EC:7.4.2.11,274
EC:4.2.1.1,275
EC:6.1.1.2,276
EC:3.5.2.9,277
EC:1.14.14.1,278
EC:2.8.1.4,279
EC:3.1.21.4,280
EC:3.5.99.6,281
EC:6.5.1.1,282
EC:2.7.11.24,283
EC:2.7.6.1,284
EC:4.1.1.49,285
EC:3.4.11.18,286
EC:3.5.4.13,287
EC:2.1.1.14,288
EC:2.4.1.182,289
EC:1.1.1.1,290
EC:3.2.2.6,291
EC:3.5.1.44,292
EC:4.1.1.50,293
EC:1.18.6.1,294
EC:2.5.1.72,295
EC:6.3.1.2,296
EC:2.6.1.16,297
EC:3.5.1.108,298
EC:1.97.1.12,299
EC:2.5.1.16,300
EC:6.2.1.1,301
EC:2.7.7.77,302
EC:2.8.1.7,303
EC:2.5.1.55,304
EC:3.1.1.1,305
EC:4.1.2.13,306
EC:3.1.3.77,307
EC:2.3.1.117,308
EC:2.3.2.26,309
EC:3.2.1.52,310
EC:2.3.1.129,311
EC:2.4.2.21,312
EC:4.1.1.39,313
EC:4.2.1.126,314
EC:5.4.2.7,315
EC:6.3.2.13,316
EC:1.2.1.10,317
EC:2.5.1.39,318
EC:3.3.1.1,319
EC:3.5.1.2,320
EC:2.1.1.195,321
EC:2.3.2.29,322
EC:2.4.2.1,323
EC:4.1.3.27,324
EC:4.1.3.39,325
EC:2.1.1.37,326
EC:2.7.7.72,327
EC:4.2.1.109,328
EC:4.4.1.21,329
EC:1.8.4.12,330
EC:3.4.11.9,331
EC:4.1.1.19,332
EC:1.11.1.6,333
EC:1.8.1.2,334
EC:2.1.1.72,335
EC:4.3.1.3,336
EC:5.4.99.27,337
EC:5.4.99.62,338
EC:3.1.3.2,339
EC:2.1.1.190,340
EC:3.2.1.1,341
EC:4.3.3.6,342
EC:5.6.2.1,343
EC:1.3.3.3,344
EC:1.6.5.2,345
EC:1.10.3.2,346
EC:4.2.2.n1,347
EC:1.1.5.4,348
EC:1.8.1.9,349
EC:1.16.3.1,350
EC:5.3.4.1,351
EC:2.7.7.101,352
EC:1.1.1.262,353
EC:1.3.1.9,354
EC:2.7.7.87,355
EC:3.1.1.11,356
EC:4.2.2.2,357
EC:7.3.2.2,358
EC:7.6.2.5,359
EC:5.3.1.28,360
EC:7.6.2.11,361
EC:3.6.1.41,362
EC:2.1.1.242,363
EC:2.3.1.46,364
EC:4.1.3.40,365
EC:4.2.3.3,366
EC:1.1.1.100,367
EC:2.7.1.40,368
EC:2.7.11.22,369
EC:3.1.13.4,370
EC:2.4.2.22,371
EC:2.7.1.48,372
EC:3.2.1.39,373
EC:3.2.2.9,374
EC:3.4.21.89,375
EC:4.1.99.23,376
EC:4.6.1.2,377
EC:6.3.4.13,378
EC:2.6.1.11,379
EC:4.1.99.12,380
EC:1.2.1.8,381
EC:2.4.2.8,382
EC:2.7.1.25,383
EC:3.2.1.18,384
EC:4.2.1.2,385
EC:1.2.3.1,386
EC:1.21.4.2,387
EC:1.1.1.17,388
EC:1.1.1.290,389
EC:1.2.1.58,390
EC:1.2.4.1,391
EC:1.4.1.20,392
EC:3.1.3.18,393
EC:3.4.16.4,394
EC:5.1.99.6,395
EC:6.3.4.21,396
EC:7.1.1.8,397
EC:1.7.7.1,398
EC:3.2.2.22,399
EC:3.4.21.4,400
EC:3.5.1.28,401
EC:1.5.1.3,402
EC:2.6.1.83,403
EC:3.4.19.3,404
EC:3.5.4.4,405
EC:1.1.1.383,406
EC:1.12.1.2,407
EC:3.2.1.46,408
EC:3.4.23.16,409
EC:4.2.1.104,410
EC:4.6.1.1,411
EC:5.3.1.5,412
EC:1.14.14.126,413
EC:1.2.1.3,414
EC:1.6.2.2,415
EC:2.1.1.297,416
EC:2.1.1.86,417
EC:2.3.1.1,418
EC:2.3.1.269,419
EC:2.3.2.8,420
EC:2.8.1.1,421
EC:3.1.1.n2,422
EC:3.6.1.54,423
EC:4.2.1.92,424
EC:1.1.1.103,425
EC:1.1.1.205,426
EC:1.10.3.9,427
EC:3.2.1.26,428
EC:4.6.1.18,429
EC:1.11.1.13,430
EC:1.3.1.42,431
EC:1.7.99.1,432
EC:2.3.1.13,433
EC:2.7.7.2,434
EC:6.1.1.18,435
EC:2.1.1.35,436
EC:2.3.1.189,437
EC:2.3.2.15,438
EC:2.7.4.1,439
EC:3.1.1.31,440
EC:3.2.1.78,441
EC:3.4.11.4,442
EC:4.2.99.18,443
EC:1.1.1.81,444
EC:1.11.1.9,445
EC:1.14.99.60,446
EC:2.1.1.163,447
EC:2.1.1.186,448
EC:2.1.1.223,449
EC:2.2.1.6,450
EC:2.3.1.16,451
EC:2.3.3.16,452
EC:2.3.3.9,453
EC:2.7.1.2,454
EC:2.7.1.6,455
EC:3.2.1.22,456
EC:3.4.22.16,457
EC:4.2.1.17,458
EC:4.2.1.8,459
EC:7.2.1.2,460
EC:7.2.2.1,461
EC:7.4.2.4,462
EC:1.14.14.82,463
EC:1.2.1.71,464
EC:1.3.5.5,465
EC:1.5.1.7,466
EC:1.7.1.3,467
EC:2.1.1.172,468
EC:2.1.1.205,469
EC:2.3.3.15,470
EC:2.4.2.58,471
EC:2.5.1.29,472
EC:3.1.21.7,473
EC:3.2.1.15,474
EC:3.5.1.92,475
EC:3.5.3.23,476
EC:3.5.4.5,477
EC:1.10.3.3,478
EC:1.14.11.33,479
EC:1.14.15.21,480
EC:1.3.1.14,481
EC:2.3.1.15,482
EC:2.4.1.41,483
EC:2.7.11.25,484
EC:3.1.4.11,485
EC:7.5.2.6,486
EC:1.1.1.270,487
EC:1.14.12.18,488
EC:1.7.1.7,489
EC:1.8.1.4,490
EC:2.7.1.107,491
EC:3.1.1.5,492
EC:3.1.3.1,493
EC:3.4.16.6,494
EC:3.6.3.14,495
EC:4.2.1.49,496
EC:6.3.1.13,497
EC:7.5.2.7,498
EC:7.6.2.14,499
EC:1.1.1.38,500
EC:1.1.1.82,501
EC:1.1.99.2,502
EC:1.13.11.4,503
EC:1.14.16.5,504
EC:1.3.1.122,505
EC:1.97.1.4,506
EC:2.1.1.133,507
EC:2.1.1.67,508
EC:2.3.1.12,509
EC:2.3.2.31,510
EC:2.4.1.260,511
EC:2.4.2.42,512
EC:2.5.1.112,513
EC:2.5.1.84,514
EC:2.7.1.32,515
EC:2.7.7.19,516
EC:2.7.9.3,517
EC:3.1.2.14,518
EC:3.1.30.1,519
EC:3.1.4.53,520
EC:3.2.1.68,521
EC:3.4.14.5,522
EC:3.4.21.73,523
EC:3.5.1.10,524
EC:3.5.3.6,525
EC:3.5.4.25,526
EC:4.1.1.84,527
EC:4.2.3.26,528
EC:4.3.2.8,529
EC:5.2.1.1,530
EC:7.2.2.10,531
EC:7.2.2.20,532
EC:1.1.1.10,533
EC:1.1.2.4,534
EC:1.13.11.29,535
EC:1.2.3.7,536
EC:1.3.1.108,537
EC:1.3.1.44,538
EC:1.8.99.5,539
EC:2.1.1.245,540
EC:2.3.1.74,541
EC:2.4.2.4,542
EC:2.7.1.182,543
EC:3.1.13.1,544
EC:3.2.1.114,545
EC:3.2.1.141,546
EC:3.2.1.45,547
EC:3.7.1.2,548
EC:4.99.1.9,549
EC:6.2.1.16,550
EC:1.1.1.170,551
EC:1.1.1.36,552
EC:1.1.1.382,553
EC:1.14.11.66,554
EC:1.14.11.68,555
EC:1.14.14.107,556
EC:1.14.15.30,557
EC:1.5.1.2,558
EC:2.3.1.263,559
EC:2.3.1.9,560
EC:2.3.2.3,561
EC:2.5.1.10,562
EC:2.7.1.1,563
EC:2.7.12.1,564
EC:2.7.8.41,565
EC:2.8.1.12,566
EC:2.8.3.8,567
EC:3.5.1.99,568
EC:4.1.1.98,569
EC:7.2.2.8,570
EC:7.3.2.3,571
EC:1.1.1.261,572
EC:1.1.1.42,573
EC:1.12.1.3,574
EC:1.14.14.16,575
EC:1.14.20.6,576
EC:1.2.4.2,577
EC:1.3.1.83,578
EC:2.1.1.148,579
EC:2.1.1.22,580
EC:2.1.1.329,581
EC:2.3.1.6,582
EC:2.4.1.206,583
EC:2.7.11.30,584
EC:2.8.2.2,585
EC:2.8.2.23,586
EC:3.1.1.98,587
EC:3.13.1.9,588
EC:3.2.1.166,589
EC:3.2.1.177,590
EC:3.2.2.19,591
EC:3.4.15.6,592
EC:3.4.18.1,593
EC:3.4.21.39,594
EC:3.5.4.26,595
EC:3.7.1.3,596
EC:4.1.1.79,597
EC:4.3.1.18,598
EC:4.99.1.10,599
EC:5.1.1.20,600
EC:5.2.1.14,601
EC:5.4.99.5,602
EC:5.4.99.7,603
EC:6.3.1.1,604
EC:6.4.1.6,605
EC:7.3.2.5,606
EC:1.1.2.7,607
EC:1.1.3.20,608
EC:1.1.5.3,609
EC:1.12.99.6,610
EC:1.13.11.2,611
EC:1.13.11.39,612
EC:1.14.15.4,613
EC:1.14.19.21,614
EC:1.14.19.3,615
EC:1.14.19.76,616
EC:1.18.1.1,617
EC:1.2.1.11,618
EC:1.2.1.50,619
EC:1.2.1.9,620
EC:1.23.5.1,621
EC:1.3.1.54,622
EC:1.3.1.84,623
EC:1.7.2.1,624
EC:1.8.4.9,625
EC:1.8.7.3,626
EC:1.9.6.1,627
EC:2.1.1.137,628
EC:2.1.1.156,629
EC:2.1.1.174,630
EC:2.1.1.181,631
EC:2.1.1.295,632
EC:2.1.1.63,633
EC:2.3.1.256,634
EC:2.3.3.3,635
EC:2.4.1.17,636
EC:2.4.1.241,637
EC:2.4.1.250,638
EC:2.4.1.345,639
EC:2.4.2.31,640
EC:2.4.99.3,641
EC:2.5.1.49,642
EC:2.6.1.1,643
EC:2.6.1.42,644
EC:2.7.1.138,645
EC:2.7.1.160,646
EC:2.7.1.35,647
EC:2.7.7.41,648
EC:2.7.7.85,649
EC:2.7.9.4,650
EC:2.8.2.5,651
EC:2.8.3.6,652
EC:3.1.1.13,653
EC:3.1.1.85,654
EC:3.2.1.101,655
EC:3.2.1.143,656
EC:3.3.2.1,657
EC:3.4.17.1,658
EC:3.4.21.36,659
EC:3.4.22.49,660
EC:3.5.1.98,661
EC:3.5.4.30,662
EC:3.6.1.12,663
EC:4.1.1.36,664
EC:4.1.1.81,665
EC:4.2.1.114,666
EC:4.2.3.2,667
EC:4.4.1.28,668
EC:5.1.3.6,669
EC:5.2.1.2,670
EC:5.3.1.12,671
EC:5.3.1.33,672
EC:5.3.1.4,673
EC:5.3.3.12,674
EC:5.3.3.4,675
EC:5.4.99.41,676
EC:6.2.1.13,677
EC:6.3.2.52,678
EC:7.6.2.1,679
EC:1.1.1.138,680
EC:1.1.1.18,681
EC:1.1.1.30,682
EC:1.1.1.45,683
EC:1.1.1.49,684
EC:1.11.1.1,685
EC:1.11.1.27,686
EC:1.11.1.8,687
EC:1.13.11.3,688
EC:1.13.11.54,689
EC:1.14.11.1,690
EC:1.14.19.41,691
EC:1.3.3.15,692
EC:1.3.7.12,693
EC:1.3.8.5,694
EC:1.4.3.19,695
EC:1.4.3.22,696
EC:1.7.1.4,697
EC:1.8.1.8,698
EC:1.8.98.2,699
EC:2.1.1.2,700
EC:2.1.1.317,701
EC:2.2.1.1,702
EC:2.3.2.30,703
EC:2.4.1.16,704
EC:2.4.2.28,705
EC:2.5.1.115,706
EC:2.5.1.26,707
EC:2.5.1.47,708
EC:2.6.1.44,709
EC:2.7.11.21,710
EC:2.7.7.64,711
EC:2.7.7.78,712
EC:2.7.8.33,713
EC:2.9.1.3,714
EC:3.1.1.77,715
EC:3.1.3.71,716
EC:3.2.1.11,717
EC:3.2.1.80,718
EC:3.4.21.105,719
EC:3.4.23.20,720
EC:3.4.24.28,721
EC:3.4.24.39,722
EC:3.5.1.1,723
EC:3.7.1.21,724
EC:4.1.1.105,725
EC:4.1.1.83,726
EC:4.2.1.70,727
EC:4.3.1.1,728
EC:4.4.1.16,729
EC:5.1.3.32,730
EC:5.1.3.8,731
EC:5.1.3.9,732
EC:5.3.1.29,733
EC:5.3.99.6,734
EC:5.4.3.2,735
EC:5.6.1.1,736
EC:6.2.1.4,737
EC:6.3.3.7,738
EC:6.5.1.4,739
EC:7.2.2.6,740
EC:7.2.4.5,741
EC:7.6.2.10,742
EC:7.6.2.4,743
EC:1.1.1.12,744
EC:1.1.1.252,745
EC:1.1.1.80,746
EC:1.1.7.1,747
EC:1.13.11.63,748
EC:1.14.13.24,749
EC:1.14.14.139,750
EC:1.14.14.86,751
EC:1.14.19.29,752
EC:1.14.19.53,753
EC:1.14.99.n4,754
EC:1.17.4.4,755
EC:1.2.1.16,756
EC:1.2.1.32,757
EC:1.21.98.3,758
EC:1.3.1.75,759
EC:1.3.1.93,760
EC:1.3.1.94,761
EC:1.3.8.4,762
EC:1.3.99.30,763
EC:1.4.1.16,764
EC:1.5.98.2,765
EC:1.7.1.2,766
EC:1.7.2.2,767
EC:1.8.3.2,768
EC:2.1.1.189,769
EC:2.1.1.197,770
EC:2.1.1.229,771
EC:2.1.1.354,772
EC:2.1.1.5,773
EC:2.1.1.7,774
EC:2.1.1.71,775
EC:2.3.1.17,776
EC:2.3.2.16,777
EC:2.4.1.1,778
EC:2.4.1.15,779
EC:2.4.1.91,780
EC:2.4.2.30,781
EC:2.4.2.47,782
EC:2.5.1.41,783
EC:2.6.1.19,784
EC:2.7.1.183,785
EC:2.7.1.191,786
EC:2.7.1.205,787
EC:2.7.1.86,788
EC:2.7.12.2,789
EC:2.7.7.13,790
EC:2.7.7.49,791
EC:2.7.8.11,792
EC:2.7.8.2,793
EC:2.9.1.1,794
EC:3.1.1.108,795
EC:3.1.3.37,796
EC:3.1.3.83,797
EC:3.1.4.45,798
EC:3.2.1.165,799
EC:3.3.2.9,800
EC:3.4.11.14,801
EC:3.4.13.18,802
EC:3.4.17.20,803
EC:3.4.21.109,804
EC:3.4.21.63,805
EC:3.4.23.25,806
EC:3.5.1.103,807
EC:3.5.3.8,808
EC:3.6.1.59,809
EC:3.6.4.10,810
EC:4.1.1.104,811
EC:4.1.1.107,812
EC:4.1.2.29,813
EC:4.2.1.148,814
EC:4.2.1.79,815
EC:4.2.3.12,816
EC:4.2.3.152,817
EC:4.3.1.12,818
EC:5.1.3.15,819
EC:5.1.3.20,820
EC:5.1.3.5,821
EC:5.5.1.2,822
EC:6.2.1.19,823
EC:6.4.1.2,824
EC:7.2.2.19,825
EC:7.2.2.21,826
EC:1.1.1.127,827
EC:1.1.1.157,828
EC:1.1.1.29,829
EC:1.1.1.294,830
EC:1.1.1.318,831
EC:1.1.1.411,832
EC:1.1.1.6,833
EC:1.1.1.87,834
EC:1.1.3.21,835
EC:1.1.3.37,836
EC:1.1.5.5,837
EC:1.1.99.3,838
EC:1.13.11.1,839
EC:1.14.12.15,840
EC:1.14.13.227,841
EC:1.14.19.35,842
EC:1.14.99.38,843
EC:1.14.99.50,844
EC:1.17.1.9,845
EC:1.2.1.44,846
EC:1.2.7.10,847
EC:1.3.1.21,848
EC:1.3.8.6,849
EC:1.3.99.4,850
EC:1.4.1.14,851
EC:1.4.3.1,852
EC:1.4.3.2,853
EC:1.8.4.8,854
EC:1.8.5.4,855
EC:2.1.1.132,856
EC:2.1.1.204,857
EC:2.1.1.334,858
EC:2.1.1.34,859
EC:2.2.1.13,860
EC:2.3.1.165,861
EC:2.3.1.174,862
EC:2.3.1.19,863
EC:2.3.1.282,864
EC:2.3.1.43,865
EC:2.3.1.7,866
EC:2.3.2.22,867
EC:2.4.1.101,868
EC:2.4.1.223,869
EC:2.4.1.244,870
EC:2.4.1.50,871
EC:2.4.1.7,872
EC:2.4.2.46,873
EC:2.4.99.6,874
EC:2.5.1.54,875
EC:2.5.1.74,876
EC:2.5.1.81,877
EC:2.5.1.91,878
EC:2.7.1.113,879
EC:2.7.1.146,880
EC:2.7.1.207,881
EC:2.7.1.221,882
EC:2.7.1.56,883
EC:2.7.11.13,884
EC:2.7.11.17,885
EC:2.7.4.13,886
EC:2.7.7.99,887
EC:2.7.7.n1,888
EC:2.7.8.12,889
EC:3.1.4.35,890
EC:3.1.4.54,891
EC:3.13.1.1,892
EC:3.2.1.106,893
EC:3.2.1.107,894
EC:3.2.1.135,895
EC:3.2.1.28,896
EC:3.2.1.55,897
EC:3.2.1.76,898
EC:3.2.2.3,899
EC:3.3.2.2,900
EC:3.4.11.2,901
EC:3.4.14.4,902
EC:3.4.16.5,903
EC:3.4.17.19,904
EC:3.4.17.22,905
EC:3.4.21.107,906
EC:3.4.21.27,907
EC:3.4.21.46,908
EC:3.4.21.5,909
EC:3.4.21.78,910
EC:3.4.22.27,911
EC:3.4.22.70,912
EC:3.4.23.34,913
EC:3.4.24.13,914
EC:3.4.24.17,915
EC:3.4.24.33,916
EC:3.4.24.70,917
EC:3.5.1.38,918
EC:3.5.1.96,919
EC:3.6.4.6,920
EC:3.6.5.3,921
EC:3.7.1.5,922
EC:4.1.3.24,923
EC:4.2.1.113,924
EC:4.2.1.118,925
EC:4.2.1.41,926
EC:4.2.1.68,927
EC:4.2.1.94,928
EC:4.3.1.24,929
EC:4.99.1.4,930
EC:5.1.3.2,931
EC:5.3.1.26,932
EC:5.3.1.27,933
EC:5.3.1.34,934
EC:5.3.3.5,935
EC:5.4.3.3,936
EC:6.1.3.1,937
EC:6.2.1.41,938
EC:6.2.1.n3,939
EC:6.3.1.14,940
EC:6.3.1.19,941
EC:6.3.2.3,942
EC:6.3.2.36,943
EC:6.3.2.43,944
EC:7.3.2.4,945
EC:7.3.2.6,946
EC:7.6.2.9,947
EC:1.1.1.107,948
EC:1.1.1.11,949
EC:1.1.1.132,950
EC:1.1.1.141,951
EC:1.1.1.146,952
EC:1.1.1.153,953
EC:1.1.1.179,954
EC:1.1.1.203,955
EC:1.1.1.21,956
EC:1.1.1.22,957
EC:1.1.1.24,958
EC:1.1.1.255,959
EC:1.1.1.263,960
EC:1.1.1.299,961
EC:1.1.1.304,962
EC:1.1.1.308,963
EC:1.1.1.313,964
EC:1.1.1.320,965
EC:1.1.1.332,966
EC:1.1.1.34,967
EC:1.1.1.343,968
EC:1.1.1.365,969
EC:1.1.1.39,970
EC:1.1.1.405,971
EC:1.1.1.410,972
EC:1.1.1.412,973
EC:1.1.1.420,974
EC:1.1.1.421,975
EC:1.1.1.44,976
EC:1.1.1.50,977
EC:1.1.1.53,978
EC:1.1.1.8,979
EC:1.1.1.88,980
EC:1.1.1.90,981
EC:1.1.2.8,982
EC:1.1.3.4,983
EC:1.1.3.41,984
EC:1.1.5.12,985
EC:1.1.5.8,986
EC:1.1.9.1,987
EC:1.1.98.6,988
EC:1.1.99.14,989
EC:1.1.99.22,990
EC:1.1.99.39,991
EC:1.10.3.16,992
EC:1.10.5.1,993
EC:1.12.5.1,994
EC:1.12.98.4,995
EC:1.13.11.11,996
EC:1.13.11.18,997
EC:1.13.11.5,998
EC:1.13.11.52,999
EC:1.13.11.56,1000
EC:1.13.11.6,1001
EC:1.13.11.71,1002
EC:1.13.11.79,1003
EC:1.13.11.80,1004
EC:1.13.12.3,1005
EC:1.13.12.4,1006
EC:1.13.12.7,1007
EC:1.14.11.16,1008
EC:1.14.11.18,1009
EC:1.14.11.29,1010
EC:1.14.11.42,1011
EC:1.14.11.48,1012
EC:1.14.11.54,1013
EC:1.14.11.61,1014
EC:1.14.11.8,1015
EC:1.14.12.1,1016
EC:1.14.12.10,1017
EC:1.14.12.12,1018
EC:1.14.12.17,1019
EC:1.14.13.111,1020
EC:1.14.13.113,1021
EC:1.14.13.114,1022
EC:1.14.13.122,1023
EC:1.14.13.2,1024
EC:1.14.13.208,1025
EC:1.14.13.231,1026
EC:1.14.13.237,1027
EC:1.14.13.239,1028
EC:1.14.13.39,1029
EC:1.14.13.59,1030
EC:1.14.13.9,1031
EC:1.14.14.130,1032
EC:1.14.14.154,1033
EC:1.14.14.156,1034
EC:1.14.14.18,1035
EC:1.14.14.35,1036
EC:1.14.14.47,1037
EC:1.14.14.5,1038
EC:1.14.14.81,1039
EC:1.14.14.87,1040
EC:1.14.15.15,1041
EC:1.14.15.18,1042
EC:1.14.15.29,1043
EC:1.14.15.3,1044
EC:1.14.15.7,1045
EC:1.14.17.1,1046
EC:1.14.18.1,1047
EC:1.14.18.3,1048
EC:1.14.19.23,1049
EC:1.14.19.44,1050
EC:1.14.19.6,1051
EC:1.14.19.77,1052
EC:1.14.19.9,1053
EC:1.14.99.46,1054
EC:1.14.99.48,1055
EC:1.16.1.8,1056
EC:1.17.2.1,1057
EC:1.17.8.1,1058
EC:1.2.1.103,1059
EC:1.2.1.26,1060
EC:1.2.1.36,1061
EC:1.2.1.4,1062
EC:1.2.1.59,1063
EC:1.2.1.67,1064
EC:1.2.1.68,1065
EC:1.2.1.72,1066
EC:1.2.4.4,1067
EC:1.2.5.2,1068
EC:1.2.5.3,1069
EC:1.2.7.5,1070
EC:1.2.99.10,1071
EC:1.20.9.1,1072
EC:1.21.1.1,1073
EC:1.21.4.1,1074
EC:1.21.4.4,1075
EC:1.3.1.1,1076
EC:1.3.1.105,1077
EC:1.3.1.106,1078
EC:1.3.1.25,1079
EC:1.3.1.3,1080
EC:1.3.1.32,1081
EC:1.3.1.38,1082
EC:1.3.1.48,1083
EC:1.3.1.56,1084
EC:1.3.1.6,1085
EC:1.3.1.72,1086
EC:1.3.1.76,1087
EC:1.3.1.86,1088
EC:1.3.1.91,1089
EC:1.3.2.3,1090
EC:1.3.5.1,1091
EC:1.3.8.13,1092
EC:1.3.8.14,1093
EC:1.3.8.8,1094
EC:1.3.8.9,1095
EC:1.3.98.6,1096
EC:1.3.99.23,1097
EC:1.3.99.27,1098
EC:1.3.99.31,1099
EC:1.3.99.33,1100
EC:1.4.1.11,1101
EC:1.4.1.23,1102
EC:1.4.1.3,1103
EC:1.4.3.21,1104
EC:1.4.3.26,1105
EC:1.4.99.5,1106
EC:1.5.1.10,1107
EC:1.5.1.24,1108
EC:1.5.1.25,1109
EC:1.5.1.34,1110
EC:1.5.1.39,1111
EC:1.5.1.6,1112
EC:1.5.3.13,1113
EC:1.5.3.16,1114
EC:1.5.8.3,1115
EC:1.6.1.1,1116
EC:1.6.2.4,1117
EC:1.6.3.5,1118
EC:1.6.99.1,1119
EC:1.7.2.5,1120
EC:1.7.3.1,1121
EC:1.8.1.12,1122
EC:1.8.2.2,1123
EC:1.8.2.3,1124
EC:1.8.3.7,1125
EC:1.8.4.10,1126
EC:1.8.5.8,1127
EC:1.8.98.1,1128
EC:1.8.98.5,1129
EC:2.1.1.1,1130
EC:2.1.1.103,1131
EC:2.1.1.11,1132
EC:2.1.1.112,1133
EC:2.1.1.12,1134
EC:2.1.1.141,1135
EC:2.1.1.143,1136
EC:2.1.1.144,1137
EC:2.1.1.146,1138
EC:2.1.1.17,1139
EC:2.1.1.171,1140
EC:2.1.1.176,1141
EC:2.1.1.178,1142
EC:2.1.1.191,1143
EC:2.1.1.20,1144
EC:2.1.1.216,1145
EC:2.1.1.219,1146
EC:2.1.1.224,1147
EC:2.1.1.230,1148
EC:2.1.1.255,1149
EC:2.1.1.269,1150
EC:2.1.1.28,1151
EC:2.1.1.280,1152
EC:2.1.1.296,1153
EC:2.1.1.299,1154
EC:2.1.1.319,1155
EC:2.1.1.321,1156
EC:2.1.1.325,1157
EC:2.1.1.361,1158
EC:2.1.1.364,1159
EC:2.1.1.366,1160
EC:2.1.1.367,1161
EC:2.1.1.369,1162
EC:2.1.1.60,1163
EC:2.1.1.62,1164
EC:2.1.1.79,1165
EC:2.1.1.95,1166
EC:2.1.2.8,1167
EC:2.1.3.1,1168
EC:2.1.3.9,1169
EC:2.3.1.133,1170
EC:2.3.1.135,1171
EC:2.3.1.137,1172
EC:2.3.1.158,1173
EC:2.3.1.183,1174
EC:2.3.1.196,1175
EC:2.3.1.198,1176
EC:2.3.1.199,1177
EC:2.3.1.233,1178
EC:2.3.1.24,1179
EC:2.3.1.243,1180
EC:2.3.1.246,1181
EC:2.3.1.247,1182
EC:2.3.1.25,1183
EC:2.3.1.250,1184
EC:2.3.1.251,1185
EC:2.3.1.254,1186
EC:2.3.1.257,1187
EC:2.3.1.265,1188
EC:2.3.1.266,1189
EC:2.3.1.273,1190
EC:2.3.1.29,1191
EC:2.3.1.39,1192
EC:2.3.1.42,1193
EC:2.3.1.45,1194
EC:2.3.1.51,1195
EC:2.3.1.85,1196
EC:2.3.1.89,1197
EC:2.3.1.95,1198
EC:2.3.2.13,1199
EC:2.3.2.17,1200
EC:2.3.2.18,1201
EC:2.3.2.24,1202
EC:2.3.2.32,1203
EC:2.3.2.33,1204
EC:2.3.2.36,1205
EC:2.4.1.102,1206
EC:2.4.1.134,1207
EC:2.4.1.143,1208
EC:2.4.1.149,1209
EC:2.4.1.150,1210
EC:2.4.1.155,1211
EC:2.4.1.170,1212
EC:2.4.1.174,1213
EC:2.4.1.184,1214
EC:2.4.1.187,1215
EC:2.4.1.211,1216
EC:2.4.1.213,1217
EC:2.4.1.214,1218
EC:2.4.1.228,1219
EC:2.4.1.231,1220
EC:2.4.1.252,1221
EC:2.4.1.266,1222
EC:2.4.1.280,1223
EC:2.4.1.313,1224
EC:2.4.1.346,1225
EC:2.4.1.351,1226
EC:2.4.1.360,1227
EC:2.4.1.62,1228
EC:2.4.1.79,1229
EC:2.4.1.82,1230
EC:2.4.2.43,1231
EC:2.4.2.45,1232
EC:2.4.2.52,1233
EC:2.4.2.6,1234
EC:2.4.99.12,1235
EC:2.4.99.19,1236
EC:2.4.99.7,1237
EC:2.4.99.8,1238
EC:2.4.99.9,1239
EC:2.5.1.103,1240
EC:2.5.1.108,1241
EC:2.5.1.140,1242
EC:2.5.1.150,1243
EC:2.5.1.22,1244
EC:2.5.1.30,1245
EC:2.5.1.44,1246
EC:2.5.1.46,1247
EC:2.5.1.59,1248
EC:2.5.1.62,1249
EC:2.5.1.68,1250
EC:2.5.1.85,1251
EC:2.5.1.96,1252
EC:2.5.1.97,1253
EC:2.6.1.118,1254
EC:2.6.1.18,1255
EC:2.6.1.37,1256
EC:2.6.1.77,1257
EC:2.6.1.80,1258
EC:2.6.1.92,1259
EC:2.7.1.108,1260
EC:2.7.1.127,1261
EC:2.7.1.147,1262
EC:2.7.1.150,1263
EC:2.7.1.157,1264
EC:2.7.1.16,1265
EC:2.7.1.164,1266
EC:2.7.1.172,1267
EC:2.7.1.176,1268
EC:2.7.1.193,1269
EC:2.7.1.194,1270
EC:2.7.1.198,1271
EC:2.7.1.209,1272
EC:2.7.1.219,1273
EC:2.7.1.227,1274
EC:2.7.1.3,1275
EC:2.7.1.51,1276
EC:2.7.1.52,1277
EC:2.7.1.53,1278
EC:2.7.1.58,1279
EC:2.7.1.59,1280
EC:2.7.1.64,1281
EC:2.7.1.67,1282
EC:2.7.1.72,1283
EC:2.7.1.76,1284
EC:2.7.1.81,1285
EC:2.7.1.85,1286
EC:2.7.11.11,1287
EC:2.7.11.18,1288
EC:2.7.11.19,1289
EC:2.7.11.20,1290
EC:2.7.11.26,1291
EC:2.7.11.4,1292
EC:2.7.14.1,1293
EC:2.7.2.17,1294
EC:2.7.2.4,1295
EC:2.7.3.9,1296
EC:2.7.4.10,1297
EC:2.7.4.21,1298
EC:2.7.4.26,1299
EC:2.7.4.33,1300
EC:2.7.7.12,1301
EC:2.7.7.14,1302
EC:2.7.7.30,1303
EC:2.7.7.31,1304
EC:2.7.7.47,1305
EC:2.7.7.65,1306
EC:2.7.7.80,1307
EC:2.7.7.86,1308
EC:2.7.7.9,1309
EC:2.7.8.1,1310
EC:2.7.8.17,1311
EC:2.7.8.31,1312
EC:2.7.8.37,1313
EC:2.7.8.44,1314
EC:2.7.9.5,1315
EC:2.8.1.16,1316
EC:2.8.1.2,1317
EC:2.8.2.11,1318
EC:2.8.2.17,1319
EC:2.8.2.21,1320
EC:2.8.2.4,1321
EC:2.8.3.12,1322
EC:2.8.3.13,1323
EC:2.8.3.22,1324
EC:3.1.1.14,1325
EC:3.1.1.24,1326
EC:3.1.1.53,1327
EC:3.1.1.57,1328
EC:3.1.1.74,1329
EC:3.1.1.97,1330
EC:3.1.12.1,1331
EC:3.1.21.5,1332
EC:3.1.3.104,1333
EC:3.1.3.106,1334
EC:3.1.3.21,1335
EC:3.1.3.25,1336
EC:3.1.3.27,1337
EC:3.1.3.3,1338
EC:3.1.3.43,1339
EC:3.1.3.57,1340
EC:3.1.3.63,1341
EC:3.1.3.66,1342
EC:3.1.3.67,1343
EC:3.1.3.74,1344
EC:3.1.3.75,1345
EC:3.1.3.89,1346
EC:3.1.3.96,1347
EC:3.1.31.1,1348
EC:3.1.4.17,1349
EC:3.1.4.2,1350
EC:3.1.4.39,1351
EC:3.1.4.41,1352
EC:3.1.4.50,1353
EC:3.1.4.59,1354
EC:3.1.6.12,1355
EC:3.1.6.14,1356
EC:3.1.6.4,1357
EC:3.1.6.8,1358
EC:3.1.8.1,1359
EC:3.11.1.1,1360
EC:3.13.1.8,1361
EC:3.2.1.122,1362
EC:3.2.1.130,1363
EC:3.2.1.131,1364
EC:3.2.1.152,1365
EC:3.2.1.156,1366
EC:3.2.1.178,1367
EC:3.2.1.180,1368
EC:3.2.1.2,1369
EC:3.2.1.20,1370
EC:3.2.1.207,1371
EC:3.2.1.35,1372
EC:3.2.1.37,1373
EC:3.2.1.50,1374
EC:3.2.1.54,1375
EC:3.2.1.70,1376
EC:3.2.1.91,1377
EC:3.3.2.6,1378
EC:3.4.11.3,1379
EC:3.4.11.6,1380
EC:3.4.11.7,1381
EC:3.4.13.20,1382
EC:3.4.13.22,1383
EC:3.4.13.9,1384
EC:3.4.14.11,1385
EC:3.4.15.1,1386
EC:3.4.16.2,1387
EC:3.4.17.10,1388
EC:3.4.17.18,1389
EC:3.4.17.3,1390
EC:3.4.19.11,1391
EC:3.4.19.16,1392
EC:3.4.21.10,1393
EC:3.4.21.106,1394
EC:3.4.21.19,1395
EC:3.4.21.2,1396
EC:3.4.21.20,1397
EC:3.4.21.34,1398
EC:3.4.21.38,1399
EC:3.4.21.43,1400
EC:3.4.21.45,1401
EC:3.4.21.6,1402
EC:3.4.21.62,1403
EC:3.4.21.71,1404
EC:3.4.21.72,1405
EC:3.4.21.75,1406
EC:3.4.21.79,1407
EC:3.4.21.9,1408
EC:3.4.21.90,1409
EC:3.4.21.93,1410
EC:3.4.21.94,1411
EC:3.4.22.38,1412
EC:3.4.22.43,1413
EC:3.4.22.52,1414
EC:3.4.22.54,1415
EC:3.4.22.55,1416
EC:3.4.22.56,1417
EC:3.4.22.62,1418
EC:3.4.22.68,1419
EC:3.4.23.2,1420
EC:3.4.23.4,1421
EC:3.4.23.46,1422
EC:3.4.24.14,1423
EC:3.4.24.15,1424
EC:3.4.24.16,1425
EC:3.4.24.18,1426
EC:3.4.24.23,1427
EC:3.4.24.34,1428
EC:3.4.24.35,1429
EC:3.4.24.36,1430
EC:3.4.24.55,1431
EC:3.4.24.56,1432
EC:3.4.24.61,1433
EC:3.4.24.65,1434
EC:3.4.24.67,1435
EC:3.4.24.69,1436
EC:3.4.24.71,1437
EC:3.4.24.77,1438
EC:3.4.24.80,1439
EC:3.4.24.81,1440
EC:3.4.24.82,1441
EC:3.4.24.84,1442
EC:3.4.24.85,1443
EC:3.4.24.86,1444
EC:3.5.1.110,1445
EC:3.5.1.114,1446
EC:3.5.1.118,1447
EC:3.5.1.12,1448
EC:3.5.1.121,1449
EC:3.5.1.130,1450
EC:3.5.1.14,1451
EC:3.5.1.16,1452
EC:3.5.1.4,1453
EC:3.5.1.42,1454
EC:3.5.1.47,1455
EC:3.5.1.53,1456
EC:3.5.1.6,1457
EC:3.5.1.87,1458
EC:3.5.1.89,1459
EC:3.5.1.9,1460
EC:3.5.2.1,1461
EC:3.5.3.1,1462
EC:3.5.3.12,1463
EC:3.5.3.26,1464
EC:3.5.3.3,1465
EC:3.5.3.9,1466
EC:3.5.4.11,1467
EC:3.5.4.23,1468
EC:3.5.4.40,1469
EC:3.5.5.7,1470
EC:3.5.5.8,1471
EC:3.5.99.10,1472
EC:3.5.99.5,1473
EC:3.6.1.28,1474
EC:3.6.1.42,1475
EC:3.6.1.43,1476
EC:3.6.1.45,1477
EC:3.6.1.52,1478
EC:3.6.1.58,1479
EC:3.6.1.62,1480
EC:3.6.1.73,1481
EC:3.6.1.8,1482
EC:3.6.5.5,1483
EC:3.9.1.3,1484
EC:4.1.1.100,1485
EC:4.1.1.101,1486
EC:4.1.1.102,1487
EC:4.1.1.109,1488
EC:4.1.1.114,1489
EC:4.1.1.121,1490
EC:4.1.1.15,1491
EC:4.1.1.2,1492
EC:4.1.1.20,1493
EC:4.1.1.32,1494
EC:4.1.1.44,1495
EC:4.1.1.45,1496
EC:4.1.1.52,1497
EC:4.1.1.55,1498
EC:4.1.1.77,1499
EC:4.1.1.86,1500
EC:4.1.1.9,1501
EC:4.1.1.90,1502
EC:4.1.1.94,1503
EC:4.1.1.96,1504
EC:4.1.2.10,1505
EC:4.1.2.40,1506
EC:4.1.2.45,1507
EC:4.1.3.3,1508
EC:4.1.3.38,1509
EC:4.1.99.13,1510
EC:4.2.1.115,1511
EC:4.2.1.12,1512
EC:4.2.1.150,1513
EC:4.2.1.151,1514
EC:4.2.1.167,1515
EC:4.2.1.171,1516
EC:4.2.1.40,1517
EC:4.2.1.53,1518
EC:4.2.1.82,1519
EC:4.2.1.85,1520
EC:4.2.1.91,1521
EC:4.2.2.21,1522
EC:4.2.2.8,1523
EC:4.2.2.9,1524
EC:4.2.3.118,1525
EC:4.2.3.13,1526
EC:4.2.3.15,1527
EC:4.2.3.156,1528
EC:4.2.3.23,1529
EC:4.2.3.61,1530
EC:4.3.1.2,1531
EC:4.3.1.7,1532
EC:4.3.2.2,1533
EC:4.3.2.5,1534
EC:4.3.3.2,1535
EC:4.4.1.11,1536
EC:4.4.1.24,1537
EC:4.6.1.13,1538
EC:4.6.1.16,1539
EC:4.6.1.19,1540
EC:4.6.1.24,1541
EC:4.99.1.2,1542
EC:5.1.1.13,1543
EC:5.1.1.22,1544
EC:5.1.1.23,1545
EC:5.1.1.4,1546
EC:5.1.3.17,1547
EC:5.1.3.18,1548
EC:5.1.3.19,1549
EC:5.1.3.31,1550
EC:5.1.99.4,1551
EC:5.2.1.13,1552
EC:5.3.1.14,1553
EC:5.3.1.17,1554
EC:5.3.1.22,1555
EC:5.3.1.35,1556
EC:5.3.2.6,1557
EC:5.3.3.14,1558
EC:5.3.3.17,1559
EC:5.3.99.11,1560
EC:5.4.2.2,1561
EC:5.4.3.5,1562
EC:5.4.99.19,1563
EC:5.4.99.45,1564
EC:5.4.99.60,1565
EC:5.4.99.63,1566
EC:5.5.1.18,1567
EC:5.5.1.24,1568
EC:5.5.1.6,1569
EC:5.5.1.7,1570
EC:5.6.1.6,1571
EC:5.6.1.7,1572
EC:5.99.1.4,1573
EC:6.2.1.15,1574
EC:6.2.1.20,1575
EC:6.2.1.22,1576
EC:6.2.1.25,1577
EC:6.2.1.30,1578
EC:6.2.1.51,1579
EC:6.2.1.53,1580
EC:6.2.1.7,1581
EC:6.2.1.9,1582
EC:6.2.1.n2,1583
EC:6.3.1.20,1584
EC:6.3.2.11,1585
EC:6.3.2.25,1586
EC:6.3.2.26,1587
EC:6.3.2.38,1588
EC:6.3.2.39,1589
EC:6.3.2.45,1590
EC:6.3.2.49,1591
EC:6.3.2.53,1592
EC:6.3.4.16,1593
EC:6.6.1.2,1594
EC:7.1.1.3,1595
EC:7.1.1.6,1596
EC:7.5.2.13,1597
EC:7.6.2.16,1598
EC:1.1.1.156,1599
EC:1.1.1.195,1600
EC:1.1.1.385,1601
EC:1.1.1.424,1602
EC:1.13.11.37,1603
EC:1.14.18.5,1604
EC:1.14.18.7,1605
EC:1.14.99.39,1606
EC:1.17.7.2,1607
EC:1.2.1.80,1608
EC:1.21.4.3,1609
EC:1.3.1.78,1610
EC:1.3.99.28,1611
EC:1.4.1.21,1612
EC:1.4.1.9,1613
EC:1.4.5.1,1614
EC:1.5.1.40,1615
EC:1.8.1.7,1616
EC:2.3.1.30,1617
EC:2.3.1.41,1618
EC:2.4.1.321,1619
EC:2.7.1.154,1620
EC:2.7.11.8,1621
EC:2.7.8.35,1622
EC:3.1.4.43,1623
EC:3.1.6.2,1624
EC:3.2.1.60,1625
EC:3.4.11.15,1626
EC:3.4.21.50,1627
EC:3.4.21.70,1628
EC:3.4.21.96,1629
EC:3.4.24.19,1630
EC:3.4.24.63,1631
EC:3.4.24.72,1632
EC:3.5.1.116,1633
EC:3.6.2.1,1634
EC:3.7.1.24,1635
EC:4.1.1.7,1636
EC:4.1.99.14,1637
EC:4.2.1.24,1638
EC:4.2.1.54,1639
EC:4.2.3.47,1640
EC:5.1.3.30,1641
EC:5.4.99.61,1642
EC:6.3.2.33,1643
EC:1.11.1.28,1644
EC:1.14.13.172,1645
EC:1.14.14.48,1646
EC:1.14.15.16,1647
EC:1.2.3.4,1648
EC:1.2.99.6,1649
EC:1.2.99.8,1650
EC:1.8.5.2,1651
EC:2.3.1.61,1652
EC:2.3.1.78,1653
EC:2.4.1.43,1654
EC:2.4.1.47,1655
EC:2.6.1.106,1656
EC:2.7.6.5,1657
EC:2.7.7.67,1658
EC:2.8.4.2,1659
EC:3.13.1.4,1660
EC:3.4.11.5,1661
EC:3.4.22.48,1662
EC:3.4.23.52,1663
EC:3.5.3.11,1664
EC:3.8.1.3,1665
EC:4.2.3.154,1666
EC:4.3.2.3,1667
EC:6.2.1.8,1668
EC:6.4.1.7,1669
EC:1.1.1.215,1670
EC:1.1.1.363,1671
EC:1.1.1.65,1672
EC:1.11.2.4,1673
EC:1.13.11.68,1674
EC:1.13.11.8,1675
EC:1.14.13.195,1676
EC:1.14.13.82,1677
EC:1.14.14.147,1678
EC:1.2.1.27,1679
EC:2.3.1.103,1680
EC:2.3.1.267,1681
EC:2.3.1.270,1682
EC:2.3.2.5,1683
EC:2.4.1.12,1684
EC:2.6.1.27,1685
EC:2.6.1.87,1686
EC:2.7.1.161,1687
EC:2.7.11.23,1688
EC:2.8.2.30,1689
EC:2.8.2.38,1690
EC:3.1.1.86,1691
EC:3.1.4.4,1692
EC:3.2.1.196,1693
EC:3.2.2.26,1694
EC:3.4.21.37,1695
EC:3.4.22.57,1696
EC:3.5.1.n3,1697
EC:3.6.1.40,1698
EC:3.7.1.9,1699
EC:4.1.1.6,1700
EC:4.1.2.n2,1701
EC:4.2.1.168,1702
EC:5.4.2.6,1703
EC:6.2.1.59,1704
EC:6.3.5.13,1705
EC:1.1.1.n11,1706
EC:1.12.2.1,1707
EC:1.14.11.67,1708
EC:1.14.12.7,1709
EC:1.14.14.94,1710
EC:1.14.15.17,1711
EC:1.17.99.3,1712
EC:1.2.1.28,1713
EC:1.21.98.1,1714
EC:1.3.5.4,1715
EC:1.5.1.43,1716
EC:1.8.3.5,1717
EC:2.1.1.248,1718
EC:2.1.1.256,1719
EC:2.1.1.278,1720
EC:2.1.1.6,1721
EC:2.1.1.98,1722
EC:2.3.1.253,1723
EC:2.3.1.37,1724
EC:2.3.1.64,1725
EC:2.3.3.17,1726
EC:2.3.3.20,1727
EC:2.4.1.144,1728
EC:2.4.1.64,1729
EC:2.4.1.8,1730
EC:2.4.1.88,1731
EC:2.4.1.92,1732
EC:2.4.2.12,1733
EC:2.4.2.39,1734
EC:2.5.1.101,1735
EC:2.5.1.117,1736
EC:2.5.1.128,1737
EC:2.5.1.129,1738
EC:2.5.1.15,1739
EC:2.6.1.45,1740
EC:2.7.1.165,1741
EC:2.7.1.5,1742
EC:3.1.1.6,1743
EC:3.1.3.12,1744
EC:3.1.4.12,1745
EC:3.13.1.5,1746
EC:3.2.1.154,1747
EC:3.2.1.67,1748
EC:3.4.14.13,1749
EC:3.4.14.2,1750
EC:3.4.21.110,1751
EC:3.4.22.15,1752
EC:3.4.22.41,1753
EC:3.4.23.49,1754
EC:3.5.99.7,1755
EC:3.6.1.25,1756
EC:3.9.1.2,1757
EC:4.1.2.54,1758
EC:4.2.1.175,1759
EC:4.2.99.20,1760
EC:4.3.1.14,1761
EC:4.3.1.16,1762
EC:4.4.1.19,1763
EC:5.1.3.1,1764
EC:5.1.99.5,1765
EC:5.2.1.12,1766
EC:5.3.1.8,1767
EC:5.4.2.9,1768
EC:6.1.1.26,1769
EC:6.2.1.54,1770
EC:6.5.1.8,1771
EC:6.6.1.1,1772
EC:1.1.1.337,1773
EC:1.1.99.36,1774
EC:1.11.2.2,1775
EC:1.14.11.27,1776
EC:1.14.13.81,1777
EC:1.14.19.25,1778
EC:1.14.19.69,1779
EC:1.2.1.85,1780
EC:1.2.1.88,1781
EC:1.3.3.11,1782
EC:1.5.1.42,1783
EC:1.7.2.7,1784
EC:2.1.1.130,1785
EC:2.1.1.206,1786
EC:2.1.1.360,1787
EC:2.3.1.8,1788
EC:2.4.1.230,1789
EC:2.4.1.339,1790
EC:2.4.2.24,1791
EC:2.4.2.53,1792
EC:2.7.1.153,1793
EC:2.7.1.87,1794
EC:3.1.11.2,1795
EC:3.2.1.136,1796
EC:3.2.1.93,1797
EC:3.4.21.83,1798
EC:3.5.1.135,1799
EC:3.5.1.94,1800
EC:4.2.1.108,1801
EC:4.4.1.5,1802
EC:1.1.1.169,1803
EC:1.1.1.40,1804
EC:1.1.1.418,1805
EC:1.1.5.2,1806
EC:1.1.99.37,1807
EC:1.13.11.49,1808
EC:1.13.11.65,1809
EC:1.2.3.3,1810
EC:1.3.3.6,1811
EC:2.1.1.250,1812
EC:2.1.1.273,1813
EC:2.4.1.109,1814
EC:2.7.1.106,1815
EC:2.7.1.66,1816
EC:2.7.7.1,1817
EC:2.7.7.81,1818
EC:2.8.2.3,1819
EC:3.1.2.2,1820
EC:3.2.1.113,1821
EC:3.2.1.169,1822
EC:3.4.21.118,1823
EC:3.4.21.76,1824
EC:3.4.24.59,1825
EC:3.5.1.115,1826
EC:4.1.1.74,1827
EC:4.1.99.11,1828
EC:4.2.1.84,1829
EC:4.2.2.6,1830
EC:4.2.3.134,1831
EC:5.1.1.8,1832
EC:5.3.1.15,1833
EC:5.4.99.16,1834
EC:6.4.1.9,1835
EC:7.6.2.2,1836
EC:1.1.1.292,1837
EC:1.14.12.13,1838
EC:1.21.98.4,1839
EC:1.3.1.45,1840
EC:1.5.1.15,1841
EC:1.5.3.17,1842
EC:2.1.1.271,1843
EC:2.1.1.309,1844
EC:2.1.1.359,1845
EC:2.1.3.10,1846
EC:2.3.1.57,1847
EC:2.4.1.263,1848
EC:2.4.1.325,1849
EC:2.7.1.105,1850
EC:2.7.7.68,1851
EC:2.8.3.9,1852
EC:3.2.1.184,1853
EC:3.2.1.58,1854
EC:3.2.1.73,1855
EC:3.2.2.29,1856
EC:3.4.21.26,1857
EC:3.4.23.21,1858
EC:3.5.4.1,1859
EC:4.1.2.19,1860
EC:4.2.1.157,1861
EC:4.2.1.69,1862
EC:4.2.1.93,1863
EC:4.2.2.3,1864
EC:4.3.1.25,1865
EC:5.3.3.19,1866
EC:5.4.2.8,1867
EC:5.4.99.18,1868
EC:6.2.1.26,1869
EC:1.1.1.201,1870
EC:1.1.99.1,1871
EC:1.14.11.51,1872
EC:1.14.13.1,1873
EC:1.14.14.26,1874
EC:1.14.14.95,1875
EC:1.14.15.28,1876
EC:1.14.17.3,1877
EC:1.14.19.11,1878
EC:1.14.19.n5,1879
EC:1.14.99.29,1880
EC:1.14.99.63,1881
EC:1.16.3.2,1882
EC:1.17.99.6,1883
EC:1.18.1.7,1884
EC:1.3.4.1,1885
EC:1.5.8.4,1886
EC:2.3.1.264,1887
EC:2.3.1.50,1888
EC:2.3.1.68,1889
EC:2.4.1.207,1890
EC:2.4.1.224,1891
EC:2.4.1.245,1892
EC:2.4.1.281,1893
EC:2.4.2.59,1894
EC:2.4.2.62,1895
EC:2.5.1.116,1896
EC:2.5.1.n9,1897
EC:2.6.1.13,1898
EC:2.7.1.178,1899
EC:2.7.1.201,1900
EC:2.7.1.218,1901
EC:2.7.1.4,1902
EC:2.7.2.7,1903
EC:2.7.7.52,1904
EC:2.7.8.40,1905
EC:2.7.8.5,1906
EC:3.1.1.61,1907
EC:3.1.1.73,1908
EC:3.1.3.105,1909
EC:3.2.1.172,1910
EC:3.2.1.3,1911
EC:3.2.1.31,1912
EC:3.3.2.15,1913
EC:3.4.11.23,1914
EC:3.4.13.19,1915
EC:3.4.17.15,1916
EC:3.4.21.117,1917
EC:3.4.21.32,1918
EC:3.4.21.97,1919
EC:3.4.24.87,1920
EC:3.5.4.33,1921
EC:3.6.1.57,1922
EC:4.2.1.131,1923
EC:4.2.1.147,1924
EC:4.2.1.159,1925
EC:4.2.3.57,1926
EC:5.3.3.1,1927
EC:6.2.1.14,1928
EC:6.3.2.12,1929
EC:6.3.2.51,1930
EC:6.5.1.7,1931
EC:7.2.2.4,1932
EC:7.4.2.6,1933
EC:7.6.2.7,1934
EC:1.1.1.276,1935
EC:1.1.1.371,1936
EC:1.14.13.182,1937
EC:1.2.1.82,1938
EC:1.5.5.2,1939
EC:2.1.1.175,1940
EC:2.1.1.198,1941
EC:2.1.1.346,1942
EC:2.3.3.10,1943
EC:2.4.2.19,1944
EC:2.5.1.120,1945
EC:2.5.1.42,1946
EC:2.7.1.17,1947
EC:2.7.7.82,1948
EC:2.8.2.29,1949
EC:3.1.3.8,1950
EC:3.2.1.24,1951
EC:3.4.22.34,1952
EC:3.4.22.42,1953
EC:3.5.3.4,1954
EC:3.5.3.7,1955
EC:5.3.1.25,1956
EC:5.4.99.58,1957
EC:6.2.1.49,1958
EC:7.6.2.15,1959
EC:1.1.1.331,1960
EC:1.1.1.35,1961
EC:1.1.1.47,1962
EC:1.14.19.18,1963
EC:1.14.99.58,1964
EC:1.18.1.3,1965
EC:1.3.1.31,1966
EC:1.4.3.16,1967
EC:2.3.1.203,1968
EC:2.3.1.5,1969
EC:2.4.1.147,1970
EC:2.7.1.100,1971
EC:2.7.1.60,1972
EC:2.7.8.39,1973
EC:2.8.2.n2,1974
EC:2.8.4.1,1975
EC:3.1.1.103,1976
EC:3.1.6.13,1977
EC:3.2.1.97,1978
EC:3.4.24.22,1979
EC:3.5.1.124,1980
EC:3.6.1.22,1981
EC:4.2.3.25,1982
EC:4.3.1.19,1983
EC:4.3.99.3,1984
EC:5.4.99.35,1985
EC:5.5.1.14,1986
EC:6.3.4.14,1987
EC:1.1.1.330,1988
EC:1.1.1.4,1989
EC:1.1.1.62,1990
EC:1.11.1.22,1991
EC:1.14.14.24,1992
EC:1.3.1.24,1993
EC:1.4.9.2,1994
EC:1.5.1.20,1995
EC:2.1.1.247,1996
EC:2.1.1.56,1997
EC:2.1.4.2,1998
EC:2.3.1.33,1999
EC:2.4.1.13,2000
EC:2.5.1.31,2001
EC:2.7.1.14,2002
EC:2.7.7.39,2003
EC:2.8.1.9,2004
EC:3.1.1.72,2005
EC:3.1.1.94,2006
EC:3.1.3.32,2007
EC:3.1.3.7,2008
EC:3.4.13.21,2009
EC:3.4.22.69,2010
EC:3.5.4.27,2011
EC:4.2.1.141,2012
EC:4.2.1.48,2013
EC:4.2.2.10,2014
EC:4.2.3.27,2015
EC:6.1.2.1,2016
EC:6.2.1.3,2017
EC:6.3.4.23,2018
EC:6.4.1.1,2019
EC:7.2.2.7,2020
EC:1.1.99.31,2021
EC:1.11.1.16,2022
EC:1.13.11.19,2023
EC:1.14.11.21,2024
EC:1.14.14.12,2025
EC:1.14.14.25,2026
EC:1.14.14.40,2027
EC:1.14.99.66,2028
EC:1.17.1.5,2029
EC:1.2.1.75,2030
EC:1.3.1.100,2031
EC:1.3.1.28,2032
EC:1.3.98.1,2033
EC:1.3.98.5,2034
EC:1.8.5.7,2035
EC:2.1.1.207,2036
EC:2.1.1.320,2037
EC:2.1.1.356,2038
EC:2.3.1.277,2039
EC:2.3.3.8,2040
EC:2.4.1.287,2041
EC:2.4.1.342,2042
EC:2.4.1.86,2043
EC:2.4.2.48,2044
EC:2.4.2.60,2045
EC:2.6.1.102,2046
EC:2.7.1.168,2047
EC:2.7.1.169,2048
EC:2.7.1.174,2049
EC:2.7.11.12,2050
EC:2.7.2.2,2051
EC:2.7.4.23,2052
EC:2.7.7.69,2053
EC:2.7.8.23,2054
EC:2.8.2.33,2055
EC:3.1.2.30,2056
EC:3.1.3.29,2057
EC:3.1.3.73,2058
EC:3.1.4.52,2059
EC:3.2.1.153,2060
EC:3.2.1.25,2061
EC:3.2.1.85,2062
EC:3.2.1.96,2063
EC:3.2.2.31,2064
EC:3.4.21.112,2065
EC:3.4.21.22,2066
EC:3.4.22.60,2067
EC:3.4.23.12,2068
EC:3.4.24.89,2069
EC:3.5.1.101,2070
EC:3.5.1.105,2071
EC:3.5.1.52,2072
EC:3.5.4.39,2073
EC:3.6.1.10,2074
EC:4.1.99.1,2075
EC:4.1.99.3,2076
EC:4.2.3.113,2077
EC:4.2.3.9,2078
EC:4.4.1.4,2079
EC:5.5.1.23,2080
EC:6.2.1.48,2081
EC:6.3.1.9,2082
EC:6.3.4.18,2083
EC:7.1.3.1,2084
EC:7.2.2.11,2085
EC:7.2.2.13,2086
EC:7.5.2.12,2087
EC:1.13.11.25,2088
EC:1.14.16.1,2089
EC:1.14.19.5,2090
EC:1.2.1.22,2091
EC:2.1.1.213,2092
EC:2.3.1.146,2093
EC:2.3.1.159,2094
EC:2.3.1.97,2095
EC:2.4.1.271,2096
EC:2.4.1.288,2097
EC:2.4.1.324,2098
EC:2.4.1.33,2099
EC:2.4.1.352,2100
EC:2.5.1.147,2101
EC:2.6.1.88,2102
EC:2.7.1.144,2103
EC:2.7.7.105,2104
EC:2.7.8.28,2105
EC:3.1.11.3,2106
EC:3.2.1.7,2107
EC:3.4.17.12,2108
EC:3.4.22.45,2109
EC:3.4.23.45,2110
EC:3.4.24.20,2111
EC:3.4.24.58,2112
EC:3.7.1.12,2113
EC:4.2.1.46,2114
EC:4.2.1.90,2115
EC:4.2.3.135,2116
EC:4.2.3.164,2117
EC:4.7.1.1,2118
EC:5.1.2.1,2119
EC:5.4.99.43,2120
EC:6.3.5.4,2121
EC:7.1.1.1,2122
EC:1.1.1.202,2123
EC:1.1.5.9,2124
EC:1.1.98.3,2125
EC:1.12.7.2,2126
EC:1.14.13.236,2127
EC:1.14.14.122,2128
EC:1.14.99.53,2129
EC:1.3.99.38,2130
EC:1.5.3.7,2131
EC:2.1.1.266,2132
EC:2.1.1.44,2133
EC:2.3.1.20,2134
EC:2.4.2.14,2135
EC:2.5.1.92,2136
EC:2.6.1.33,2137
EC:2.7.1.137,2138
EC:2.7.1.208,2139
EC:2.7.3.2,2140
EC:2.8.2.35,2141
EC:2.8.2.37,2142
EC:2.8.3.15,2143
EC:3.2.2.20,2144
EC:3.4.19.6,2145
EC:3.4.21.21,2146
EC:3.4.24.79,2147
EC:3.7.1.4,2148
EC:4.1.1.1,2149
EC:4.1.3.17,2150
EC:4.2.3.1,2151
EC:4.2.3.124,2152
EC:4.2.3.21,2153
EC:5.1.1.5,2154
EC:5.4.99.15,2155
EC:6.2.1.50,2156
EC:6.4.1.3,2157
EC:7.1.2.1,2158
EC:1.1.1.193,2159
EC:1.1.1.285,2160
EC:1.1.1.340,2161
EC:1.12.1.5,2162
EC:1.14.11.35,2163
EC:1.14.11.6,2164
EC:1.14.14.115,2165
EC:1.3.1.89,2166
EC:1.4.1.4,2167
EC:1.97.1.9,2168
EC:2.1.1.13,2169
EC:2.1.1.355,2170
EC:2.1.1.69,2171
EC:2.3.1.108,2172
EC:2.3.1.184,2173
EC:2.4.1.215,2174
EC:2.4.1.217,2175
EC:2.4.1.25,2176
EC:2.4.1.368,2177
EC:2.4.1.58,2178
EC:2.4.2.3,2179
EC:2.5.1.131,2180
EC:3.1.2.20,2181
EC:3.1.2.28,2182
EC:3.1.3.10,2183
EC:3.2.1.59,2184
EC:3.4.21.77,2185
EC:3.4.22.67,2186
EC:3.4.24.27,2187
EC:3.5.2.17,2188
EC:3.5.2.5,2189
EC:4.1.1.33,2190
EC:4.2.3.7,2191
EC:5.3.3.10,2192
EC:5.4.99.33,2193
EC:6.2.1.17,2194
EC:6.3.5.11,2195
EC:1.1.1.2,2196
EC:1.1.1.247,2197
EC:1.1.1.250,2198
EC:1.1.1.319,2199
EC:1.1.1.329,2200
EC:1.1.1.333,2201
EC:1.1.1.350,2202
EC:1.1.1.95,2203
EC:1.1.3.13,2204
EC:1.13.11.16,2205
EC:1.14.13.225,2206
EC:1.14.14.116,2207
EC:1.14.14.42,2208
EC:1.14.17.4,2209
EC:1.14.19.47,2210
EC:1.14.19.68,2211
EC:1.20.4.4,2212
EC:1.3.1.88,2213
EC:1.4.1.24,2214
EC:1.5.3.1,2215
EC:1.5.99.14,2216
EC:1.8.5.3,2217
EC:2.1.1.104,2218
EC:2.1.1.185,2219
EC:2.1.1.221,2220
EC:2.1.1.374,2221
EC:2.1.1.53,2222
EC:2.1.1.9,2223
EC:2.1.1.n4,2224
EC:2.1.3.11,2225
EC:2.3.1.293,2226
EC:2.3.1.296,2227
EC:2.4.1.336,2228
EC:2.4.1.337,2229
EC:2.4.1.56,2230
EC:2.5.1.130,2231
EC:2.6.1.97,2232
EC:2.7.1.43,2233
EC:2.7.3.3,2234
EC:2.7.4.16,2235
EC:2.7.7.40,2236
EC:2.7.8.20,2237
EC:3.1.1.82,2238
EC:3.1.5.1,2239
EC:3.2.1.51,2240
EC:3.2.1.99,2241
EC:3.2.2.n1,2242
EC:3.4.21.1,2243
EC:3.4.22.1,2244
EC:3.4.22.65,2245
EC:3.5.1.11,2246
EC:3.6.1.17,2247
EC:4.1.1.112,2248
EC:4.1.2.17,2249
EC:4.2.1.133,2250
EC:4.2.1.22,2251
EC:4.2.1.44,2252
EC:4.2.2.22,2253
EC:4.2.3.110,2254
EC:4.4.1.25,2255
EC:5.1.3.4,2256
EC:5.3.3.8,2257
EC:5.4.99.9,2258
EC:5.5.1.4,2259
EC:6.3.2.32,2260
EC:7.2.4.2,2261
EC:1.1.1.188,2262
EC:1.1.1.289,2263
EC:1.1.1.3,2264
EC:1.13.11.27,2265
EC:1.2.1.76,2266
EC:1.3.1.112,2267
EC:1.3.1.13,2268
EC:1.3.1.71,2269
EC:1.3.1.90,2270
EC:1.3.99.16,2271
EC:1.7.3.3,2272
EC:2.1.1.158,2273
EC:2.1.1.251,2274
EC:2.1.1.257,2275
EC:2.1.1.59,2276
EC:2.3.1.164,2277
EC:2.3.2.35,2278
EC:2.4.1.173,2279
EC:2.4.1.180,2280
EC:2.4.1.276,2281
EC:2.4.1.44,2282
EC:2.4.2.57,2283
EC:2.5.1.21,2284
EC:2.5.1.45,2285
EC:2.6.1.66,2286
EC:2.7.1.206,2287
EC:2.7.1.8,2288
EC:3.1.1.25,2289
EC:3.11.1.2,2290
EC:3.4.21.35,2291
EC:3.4.21.95,2292
EC:3.4.22.58,2293
EC:3.4.23.41,2294
EC:3.5.1.26,2295
EC:3.5.4.37,2296
EC:4.4.1.15,2297
EC:5.1.3.24,2298
EC:6.2.1.36,2299
EC:6.3.5.1,2300
EC:7.2.2.3,2301
EC:1.1.1.57,2302
EC:1.1.3.9,2303
EC:1.13.11.24,2304
EC:1.13.12.16,2305
EC:1.14.11.2,2306
EC:1.14.13.69,2307
EC:1.14.14.83,2308
EC:1.14.19.30,2309
EC:1.3.5.3,2310
EC:1.5.1.19,2311
EC:1.6.2.6,2312
EC:1.6.5.9,2313
EC:2.1.1.157,2314
EC:2.1.1.160,2315
EC:2.1.1.193,2316
EC:2.1.1.42,2317
EC:2.2.1.12,2318
EC:2.3.1.18,2319
EC:2.3.1.208,2320
EC:2.3.1.217,2321
EC:2.3.1.221,2322
EC:2.4.1.232,2323
EC:2.4.1.329,2324
EC:2.5.1.9,2325
EC:2.6.1.48,2326
EC:2.6.1.81,2327
EC:2.7.1.20,2328
EC:2.7.1.47,2329
EC:2.7.1.90,2330
EC:3.1.1.23,2331
EC:3.1.11.1,2332
EC:3.1.3.68,2333
EC:3.1.4.46,2334
EC:3.2.1.123,2335
EC:3.2.1.64,2336
EC:3.4.22.10,2337
EC:3.4.24.26,2338
EC:3.6.1.5,2339
EC:4.1.3.1,2340
EC:4.2.1.3,2341
EC:4.3.1.32,2342
EC:4.4.1.9,2343
EC:4.6.1.23,2344
EC:5.3.99.8,2345
EC:5.5.1.26,2346
EC:6.2.1.12,2347
EC:6.5.1.3,2348
EC:6.5.1.6,2349
EC:7.6.2.12,2350
EC:1.1.1.236,2351
EC:1.1.1.274,2352
EC:1.1.1.401,2353
EC:1.1.1.41,2354
EC:1.1.3.17,2355
EC:1.11.1.15,2356
EC:1.14.11.36,2357
EC:1.14.11.43,2358
EC:1.14.14.39,2359
EC:1.2.1.89,2360
EC:1.3.1.39,2361
EC:1.3.1.53,2362
EC:1.3.1.74,2363
EC:1.4.1.2,2364
EC:1.4.99.6,2365
EC:1.5.99.15,2366
EC:1.7.1.16,2367
EC:2.1.1.109,2368
EC:2.1.1.110,2369
EC:2.1.1.246,2370
EC:2.1.1.277,2371
EC:2.1.2.2,2372
EC:2.3.1.109,2373
EC:2.3.1.110,2374
EC:2.3.1.241,2375
EC:2.3.1.283,2376
EC:2.3.1.288,2377
EC:2.3.1.294,2378
EC:2.3.1.n4,2379
EC:2.4.1.251,2380
EC:2.4.1.355,2381
EC:2.4.1.357,2382
EC:2.4.1.4,2383
EC:2.5.1.17,2384
EC:2.6.1.119,2385
EC:2.6.1.51,2386
EC:2.7.1.121,2387
EC:2.7.1.68,2388
EC:2.7.1.73,2389
EC:2.7.7.23,2390
EC:2.7.7.91,2391
EC:2.8.3.26,2392
EC:3.1.1.88,2393
EC:3.1.21.1,2394
EC:3.1.4.14,2395
EC:3.2.1.41,2396
EC:3.3.2.10,2397
EC:3.4.19.15,2398
EC:3.4.24.32,2399
EC:3.5.1.15,2400
EC:3.5.3.24,2401
EC:3.5.4.10,2402
EC:3.6.1.26,2403
EC:3.6.1.67,2404
EC:4.1.1.17,2405
EC:4.1.1.38,2406
EC:4.1.2.21,2407
EC:4.1.3.41,2408
EC:4.2.1.139,2409
EC:4.2.1.42,2410
EC:4.2.3.108,2411
EC:4.2.3.119,2412
EC:4.2.3.157,2413
EC:4.2.3.165,2414
EC:4.2.3.20,2415
EC:4.4.1.13,2416
EC:4.4.1.22,2417
EC:4.6.1.14,2418
EC:5.1.3.13,2419
EC:5.1.3.22,2420
EC:7.5.2.9,2421
EC:1.1.1.119,2422
EC:1.1.1.122,2423
EC:1.1.1.130,2424
EC:1.1.1.136,2425
EC:1.1.1.140,2426
EC:1.1.1.16,2427
EC:1.1.1.173,2428
EC:1.1.1.175,2429
EC:1.1.1.194,2430
EC:1.1.1.200,2431
EC:1.1.1.216,2432
EC:1.1.1.219,2433
EC:1.1.1.237,2434
EC:1.1.1.28,2435
EC:1.1.1.281,2436
EC:1.1.1.284,2437
EC:1.1.1.287,2438
EC:1.1.1.301,2439
EC:1.1.1.306,2440
EC:1.1.1.312,2441
EC:1.1.1.316,2442
EC:1.1.1.317,2443
EC:1.1.1.326,2444
EC:1.1.1.327,2445
EC:1.1.1.335,2446
EC:1.1.1.348,2447
EC:1.1.1.349,2448
EC:1.1.1.353,2449
EC:1.1.1.366,2450
EC:1.1.1.368,2451
EC:1.1.1.373,2452
EC:1.1.1.387,2453
EC:1.1.1.388,2454
EC:1.1.1.389,2455
EC:1.1.1.413,2456
EC:1.1.1.48,2457
EC:1.1.1.51,2458
EC:1.1.1.56,2459
EC:1.1.1.91,2460
EC:1.1.3.12,2461
EC:1.1.3.38,2462
EC:1.1.3.46,2463
EC:1.1.3.48,2464
EC:1.1.5.11,2465
EC:1.1.99.11,2466
EC:1.1.99.18,2467
EC:1.1.99.32,2468
EC:1.1.99.42,2469
EC:1.10.3.4,2470
EC:1.11.1.17,2471
EC:1.13.11.15,2472
EC:1.13.11.46,2473
EC:1.13.11.62,2474
EC:1.13.11.74,2475
EC:1.13.11.91,2476
EC:1.14.11.17,2477
EC:1.14.11.60,2478
EC:1.14.13.130,2479
EC:1.14.13.131,2480
EC:1.14.13.160,2481
EC:1.14.13.163,2482
EC:1.14.13.179,2483
EC:1.14.13.20,2484
EC:1.14.13.217,2485
EC:1.14.13.224,2486
EC:1.14.13.23,2487
EC:1.14.13.29,2488
EC:1.14.13.33,2489
EC:1.14.14.109,2490
EC:1.14.14.111,2491
EC:1.14.14.117,2492
EC:1.14.14.129,2493
EC:1.14.14.138,2494
EC:1.14.14.151,2495
EC:1.14.14.155,2496
EC:1.14.14.158,2497
EC:1.14.14.161,2498
EC:1.14.14.162,2499
EC:1.14.14.176,2500
EC:1.14.14.23,2501
EC:1.14.14.36,2502
EC:1.14.14.43,2503
EC:1.14.14.57,2504
EC:1.14.14.58,2505
EC:1.14.14.69,2506
EC:1.14.14.84,2507
EC:1.14.15.22,2508
EC:1.14.19.13,2509
EC:1.14.19.2,2510
EC:1.14.19.31,2511
EC:1.14.19.39,2512
EC:1.14.19.42,2513
EC:1.14.19.43,2514
EC:1.14.19.8,2515
EC:1.14.20.3,2516
EC:1.14.20.5,2517
EC:1.14.99.15,2518
EC:1.14.99.22,2519
EC:1.14.99.54,2520
EC:1.14.99.61,2521
EC:1.14.99.62,2522
EC:1.17.1.3,2523
EC:1.17.2.3,2524
EC:1.17.7.1,2525
EC:1.2.1.100,2526
EC:1.2.1.48,2527
EC:1.2.1.69,2528
EC:1.2.1.81,2529
EC:1.2.1.96,2530
EC:1.2.1.n2,2531
EC:1.2.7.4,2532
EC:1.2.99.7,2533
EC:1.23.1.3,2534
EC:1.3.1.107,2535
EC:1.3.1.113,2536
EC:1.3.1.120,2537
EC:1.3.1.29,2538
EC:1.3.1.77,2539
EC:1.3.1.81,2540
EC:1.3.1.85,2541
EC:1.3.1.95,2542
EC:1.3.7.5,2543
EC:1.3.8.12,2544
EC:1.3.8.16,2545
EC:1.3.8.2,2546
EC:1.3.99.26,2547
EC:1.3.99.29,2548
EC:1.3.99.32,2549
EC:1.3.99.37,2550
EC:1.3.99.5,2551
EC:1.4.1.12,2552
EC:1.4.1.18,2553
EC:1.4.1.25,2554
EC:1.4.3.10,2555
EC:1.5.1.1,2556
EC:1.5.1.37,2557
EC:1.5.3.10,2558
EC:1.5.4.1,2559
EC:1.6.5.10,2560
EC:1.6.5.7,2561
EC:1.7.1.1,2562
EC:1.7.1.14,2563
EC:1.7.2.8,2564
EC:1.8.1.16,2565
EC:1.8.1.18,2566
EC:1.8.1.20,2567
EC:1.8.2.4,2568
EC:1.8.5.6,2569
EC:1.8.99.2,2570
EC:2.1.1.127,2571
EC:2.1.1.131,2572
EC:2.1.1.136,2573
EC:2.1.1.152,2574
EC:2.1.1.161,2575
EC:2.1.1.167,2576
EC:2.1.1.169,2577
EC:2.1.1.173,2578
EC:2.1.1.203,2579
EC:2.1.1.208,2580
EC:2.1.1.210,2581
EC:2.1.1.231,2582
EC:2.1.1.240,2583
EC:2.1.1.259,2584
EC:2.1.1.264,2585
EC:2.1.1.267,2586
EC:2.1.1.272,2587
EC:2.1.1.331,2588
EC:2.1.1.332,2589
EC:2.1.1.333,2590
EC:2.1.1.341,2591
EC:2.1.1.365,2592
EC:2.1.1.368,2593
EC:2.1.1.90,2594
EC:2.1.4.3,2595
EC:2.3.1.102,2596
EC:2.3.1.176,2597
EC:2.3.1.187,2598
EC:2.3.1.194,2599
EC:2.3.1.201,2600
EC:2.3.1.207,2601
EC:2.3.1.211,2602
EC:2.3.1.212,2603
EC:2.3.1.228,2604
EC:2.3.1.23,2605
EC:2.3.1.249,2606
EC:2.3.1.28,2607
EC:2.3.1.291,2608
EC:2.3.1.87,2609
EC:2.3.1.91,2610
EC:2.3.3.14,2611
EC:2.4.1.128,2612
EC:2.4.1.159,2613
EC:2.4.1.195,2614
EC:2.4.1.20,2615
EC:2.4.1.201,2616
EC:2.4.1.218,2617
EC:2.4.1.226,2618
EC:2.4.1.239,2619
EC:2.4.1.247,2620
EC:2.4.1.272,2621
EC:2.4.1.319,2622
EC:2.4.1.320,2623
EC:2.4.1.323,2624
EC:2.4.1.333,2625
EC:2.4.1.354,2626
EC:2.4.1.356,2627
EC:2.4.1.359,2628
EC:2.4.1.369,2629
EC:2.4.1.63,2630
EC:2.4.1.67,2631
EC:2.4.1.99,2632
EC:2.4.2.37,2633
EC:2.4.2.38,2634
EC:2.4.2.40,2635
EC:2.4.2.54,2636
EC:2.4.99.4,2637
EC:2.5.1.143,2638
EC:2.5.1.144,2639
EC:2.5.1.149,2640
EC:2.5.1.57,2641
EC:2.5.1.73,2642
EC:2.5.1.79,2643
EC:2.5.1.88,2644
EC:2.5.1.90,2645
EC:2.6.1.103,2646
EC:2.6.1.109,2647
EC:2.6.1.14,2648
EC:2.6.1.30,2649
EC:2.6.1.35,2650
EC:2.6.1.39,2651
EC:2.6.1.86,2652
EC:2.6.1.98,2653
EC:2.7.1.103,2654
EC:2.7.1.145,2655
EC:2.7.1.15,2656
EC:2.7.1.162,2657
EC:2.7.1.210,2658
EC:2.7.1.212,2659
EC:2.7.1.213,2660
EC:2.7.1.226,2661
EC:2.7.1.231,2662
EC:2.7.1.29,2663
EC:2.7.1.36,2664
EC:2.7.1.46,2665
EC:2.7.1.92,2666
EC:2.7.3.4,2667
EC:2.7.7.75,2668
EC:2.7.8.n3,2669
EC:2.8.1.15,2670
EC:2.8.2.22,2671
EC:2.8.2.39,2672
EC:2.8.3.17,2673
EC:2.8.3.18,2674
EC:2.8.3.19,2675
EC:3.1.1.107,2676
EC:3.1.1.109,2677
EC:3.1.1.115,2678
EC:3.1.1.15,2679
EC:3.1.1.32,2680
EC:3.1.1.34,2681
EC:3.1.1.49,2682
EC:3.1.1.76,2683
EC:3.1.11.5,2684
EC:3.1.2.12,2685
EC:3.1.2.22,2686
EC:3.1.2.3,2687
EC:3.1.26.13,2688
EC:3.1.3.100,2689
EC:3.1.3.41,2690
EC:3.1.3.46,2691
EC:3.1.3.50,2692
EC:3.1.3.6,2693
EC:3.1.3.60,2694
EC:3.1.3.85,2695
EC:3.1.3.97,2696
EC:3.10.1.1,2697
EC:3.11.1.3,2698
EC:3.13.1.7,2699
EC:3.2.1.119,2700
EC:3.2.1.142,2701
EC:3.2.1.155,2702
EC:3.2.1.175,2703
EC:3.2.1.185,2704
EC:3.2.1.187,2705
EC:3.2.1.202,2706
EC:3.2.1.205,2707
EC:3.2.1.208,2708
EC:3.2.1.82,2709
EC:3.2.1.98,2710
EC:3.2.2.16,2711
EC:3.2.2.24,2712
EC:3.3.1.2,2713
EC:3.3.2.13,2714
EC:3.4.11.20,2715
EC:3.4.11.24,2716
EC:3.4.13.23,2717
EC:3.4.14.10,2718
EC:3.4.17.11,2719
EC:3.4.21.100,2720
EC:3.4.21.54,2721
EC:3.4.21.61,2722
EC:3.4.21.66,2723
EC:3.4.21.82,2724
EC:3.4.22.28,2725
EC:3.4.22.32,2726
EC:3.4.22.51,2727
EC:3.4.22.63,2728
EC:3.4.22.8,2729
EC:3.4.23.15,2730
EC:3.4.23.29,2731
EC:3.4.24.1,2732
EC:3.4.24.25,2733
EC:3.4.24.3,2734
EC:3.4.24.31,2735
EC:3.4.24.50,2736
EC:3.4.24.73,2737
EC:3.5.1.100,2738
EC:3.5.1.106,2739
EC:3.5.1.125,2740
EC:3.5.1.126,2741
EC:3.5.1.134,2742
EC:3.5.1.23,2743
EC:3.5.1.29,2744
EC:3.5.1.46,2745
EC:3.5.1.59,2746
EC:3.5.1.76,2747
EC:3.5.1.81,2748
EC:3.5.1.82,2749
EC:3.5.1.83,2750
EC:3.5.2.20,2751
EC:3.5.3.17,2752
EC:3.5.3.25,2753
EC:3.5.4.29,2754
EC:3.5.4.32,2755
EC:3.5.4.44,2756
EC:3.6.1.21,2757
EC:3.6.1.68,2758
EC:3.7.1.17,2759
EC:3.8.1.2,2760
EC:4.1.1.4,2761
EC:4.1.1.51,2762
EC:4.1.1.63,2763
EC:4.1.1.64,2764
EC:4.1.1.75,2765
EC:4.1.1.99,2766
EC:4.1.2.25,2767
EC:4.1.2.42,2768
EC:4.1.2.44,2769
EC:4.1.2.49,2770
EC:4.1.2.57,2771
EC:4.1.99.20,2772
EC:4.2.1.100,2773
EC:4.2.1.103,2774
EC:4.2.1.125,2775
EC:4.2.1.132,2776
EC:4.2.1.155,2777
EC:4.2.1.158,2778
EC:4.2.1.161,2779
EC:4.2.1.162,2780
EC:4.2.1.164,2781
EC:4.2.1.172,2782
EC:4.2.1.25,2783
EC:4.2.1.30,2784
EC:4.2.1.43,2785
EC:4.2.1.51,2786
EC:4.2.1.7,2787
EC:4.2.1.75,2788
EC:4.2.1.81,2789
EC:4.2.2.20,2790
EC:4.2.2.26,2791
EC:4.2.2.7,2792
EC:4.2.3.111,2793
EC:4.2.3.123,2794
EC:4.2.3.146,2795
EC:4.2.3.162,2796
EC:4.2.3.181,2797
EC:4.2.3.199,2798
EC:4.2.3.51,2799
EC:4.3.1.27,2800
EC:4.3.1.9,2801
EC:4.3.99.4,2802
EC:4.4.1.23,2803
EC:4.4.1.34,2804
EC:4.99.1.6,2805
EC:5.1.1.21,2806
EC:5.1.3.23,2807
EC:5.1.3.25,2808
EC:5.1.3.3,2809
EC:5.1.3.33,2810
EC:5.3.1.36,2811
EC:5.3.2.8,2812
EC:5.3.3.21,2813
EC:5.3.3.7,2814
EC:5.3.99.9,2815
EC:5.4.1.3,2816
EC:5.4.1.4,2817
EC:5.4.4.3,2818
EC:5.4.99.23,2819
EC:5.4.99.38,2820
EC:5.4.99.4,2821
EC:5.4.99.48,2822
EC:5.4.99.53,2823
EC:5.5.1.25,2824
EC:5.5.1.5,2825
EC:6.2.1.34,2826
EC:6.2.1.42,2827
EC:6.2.1.44,2828
EC:6.2.1.56,2829
EC:6.3.2.20,2830
EC:6.3.2.7,2831
EC:6.3.4.12,2832
EC:6.3.4.6,2833
EC:7.2.2.12,2834
EC:7.2.2.15,2835
EC:7.2.4.1,2836
EC:7.5.2.10,2837
EC:1.1.1.288,2838
EC:1.1.1.303,2839
EC:1.1.1.352,2840
EC:1.1.1.367,2841
EC:1.1.1.372,2842
EC:1.1.1.403,2843
EC:1.1.1.407,2844
EC:1.1.1.58,2845
EC:1.1.2.3,2846
EC:1.1.3.10,2847
EC:1.13.11.57,2848
EC:1.13.11.58,2849
EC:1.14.11.24,2850
EC:1.14.13.127,2851
EC:1.14.13.171,2852
EC:1.14.13.180,2853
EC:1.14.13.63,2854
EC:1.14.14.11,2855
EC:1.14.14.112,2856
EC:1.14.14.153,2857
EC:1.14.14.45,2858
EC:1.14.14.54,2859
EC:1.14.14.88,2860
EC:1.14.15.11,2861
EC:1.14.15.32,2862
EC:1.14.19.34,2863
EC:1.14.19.52,2864
EC:1.17.3.2,2865
EC:1.17.9.1,2866
EC:1.2.1.90,2867
EC:1.2.1.92,2868
EC:1.2.1.97,2869
EC:1.2.7.1,2870
EC:1.2.7.6,2871
EC:1.21.99.1,2872
EC:1.3.7.4,2873
EC:1.3.8.3,2874
EC:1.4.1.1,2875
EC:1.5.1.45,2876
EC:1.5.1.46,2877
EC:1.5.8.2,2878
EC:1.6.5.6,2879
EC:1.7.1.6,2880
EC:1.7.7.2,2881
EC:1.8.98.3,2882
EC:2.1.1.217,2883
EC:2.1.1.270,2884
EC:2.3.1.167,2885
EC:2.3.1.188,2886
EC:2.3.1.195,2887
EC:2.3.1.200,2888
EC:2.3.1.202,2889
EC:2.3.1.218,2890
EC:2.3.1.268,2891
EC:2.3.1.271,2892
EC:2.3.1.79,2893
EC:2.3.1.81,2894
EC:2.3.2.10,2895
EC:2.3.2.28,2896
EC:2.4.1.120,2897
EC:2.4.1.210,2898
EC:2.4.1.237,2899
EC:2.4.1.246,2900
EC:2.4.1.255,2901
EC:2.4.1.273,2902
EC:2.4.2.50,2903
EC:2.5.1.135,2904
EC:2.5.1.66,2905
EC:2.6.1.111,2906
EC:2.6.1.62,2907
EC:2.7.1.179,2908
EC:2.7.1.180,2909
EC:2.7.1.216,2910
EC:2.7.1.69,2911
EC:2.7.1.89,2912
EC:2.7.3.13,2913
EC:2.7.7.50,2914
EC:2.8.2.24,2915
EC:3.1.1.2,2916
EC:3.1.1.27,2917
EC:3.1.1.7,2918
EC:3.1.1.75,2919
EC:3.1.26.12,2920
EC:3.1.3.33,2921
EC:3.1.3.36,2922
EC:3.1.3.79,2923
EC:3.1.3.86,2924
EC:3.1.4.57,2925
EC:3.2.1.133,2926
EC:3.2.1.164,2927
EC:3.2.1.179,2928
EC:3.2.1.181,2929
EC:3.2.1.6,2930
EC:3.2.1.84,2931
EC:3.2.2.21,2932
EC:3.4.22.39,2933
EC:3.4.22.61,2934
EC:3.4.23.19,2935
EC:3.4.23.40,2936
EC:3.4.24.21,2937
EC:3.4.24.76,2938
EC:3.5.1.111,2939
EC:3.5.1.131,2940
EC:3.5.1.93,2941
EC:3.5.2.10,2942
EC:3.5.2.2,2943
EC:3.5.3.22,2944
EC:3.5.4.15,2945
EC:3.6.1.34,2946
EC:4.1.2.56,2947
EC:4.1.2.9,2948
EC:4.1.3.32,2949
EC:4.2.1.134,2950
EC:4.2.1.146,2951
EC:4.2.1.6,2952
EC:4.2.2.1,2953
EC:4.2.3.103,2954
EC:4.2.3.16,2955
EC:4.2.3.96,2956
EC:4.4.1.35,2957
EC:4.99.1.8,2958
EC:5.1.3.40,2959
EC:5.1.3.41,2960
EC:5.3.2.5,2961
EC:5.3.99.7,2962
EC:5.4.99.47,2963
EC:5.5.1.27,2964
EC:5.5.1.35,2965
EC:5.5.1.9,2966
EC:6.3.4.15,2967
EC:6.4.1.8,2968
EC:6.5.1.5,2969
EC:7.5.2.11,2970
EC:1.1.1.192,2971
EC:1.1.1.300,2972
EC:1.1.1.338,2973
EC:1.1.1.384,2974
EC:1.10.3.1,2975
EC:1.14.11.59,2976
EC:1.14.13.218,2977
EC:1.14.13.22,2978
EC:1.14.14.14,2979
EC:1.14.14.29,2980
EC:1.14.14.37,2981
EC:1.14.14.92,2982
EC:1.15.1.2,2983
EC:1.17.5.3,2984
EC:1.21.3.7,2985
EC:1.21.99.4,2986
EC:1.4.3.4,2987
EC:1.5.1.52,2988
EC:1.6.99.3,2989
EC:1.7.2.6,2990
EC:2.1.1.145,2991
EC:2.1.1.196,2992
EC:2.1.1.202,2993
EC:2.1.1.258,2994
EC:2.1.1.283,2995
EC:2.1.1.310,2996
EC:2.1.1.57,2997
EC:2.3.1.170,2998
EC:2.3.1.248,2999
EC:2.3.1.84,3000
EC:2.4.1.216,3001
EC:2.4.1.264,3002
EC:2.4.1.315,3003
EC:2.4.1.5,3004
EC:2.4.1.54,3005
EC:2.5.1.1,3006
EC:2.5.1.152,3007
EC:2.5.1.60,3008
EC:2.6.1.36,3009
EC:2.7.1.101,3010
EC:2.7.1.197,3011
EC:2.7.1.26,3012
EC:2.7.1.44,3013
EC:2.7.8.46,3014
EC:2.8.2.27,3015
EC:2.8.3.20,3016
EC:2.8.3.5,3017
EC:3.1.1.20,3018
EC:3.1.1.22,3019
EC:3.1.21.9,3020
EC:3.1.3.70,3021
EC:3.1.3.87,3022
EC:3.2.1.204,3023
EC:3.2.1.86,3024
EC:3.4.15.5,3025
EC:3.4.22.37,3026
EC:3.4.23.24,3027
EC:3.4.24.78,3028
EC:3.5.1.32,3029
EC:3.6.1.61,3030
EC:3.7.1.25,3031
EC:4.1.1.22,3032
EC:4.2.3.169,3033
EC:4.2.3.193,3034
EC:4.2.3.37,3035
EC:4.2.3.46,3036
EC:4.2.3.48,3037
EC:4.2.3.60,3038
EC:5.1.1.24,3039
EC:5.1.3.21,3040
EC:5.3.3.6,3041
EC:5.4.99.32,3042
EC:5.4.99.42,3043
EC:6.2.1.46,3044
EC:6.2.1.62,3045
EC:6.3.2.55,3046
EC:6.3.3.4,3047
EC:7.6.2.8,3048
EC:1.1.1.117,3049
EC:1.1.1.208,3050
EC:1.1.1.295,3051
EC:1.1.1.31,3052
EC:1.1.5.13,3053
EC:1.1.98.2,3054
EC:1.14.11.64,3055
EC:1.14.12.22,3056
EC:1.14.14.108,3057
EC:1.14.14.93,3058
EC:1.14.19.26,3059
EC:1.2.1.77,3060
EC:1.20.4.3,3061
EC:1.3.1.104,3062
EC:1.3.1.34,3063
EC:1.8.3.6,3064
EC:2.1.1.220,3065
EC:2.1.1.282,3066
EC:2.1.1.286,3067
EC:2.1.1.336,3068
EC:2.1.1.80,3069
EC:2.3.2.34,3070
EC:2.4.1.258,3071
EC:2.4.1.26,3072
EC:2.4.1.291,3073
EC:2.4.1.293,3074
EC:2.4.1.310,3075
EC:2.4.1.340,3076
EC:2.4.1.70,3077
EC:2.4.2.36,3078
EC:2.5.1.98,3079
EC:2.6.1.84,3080
EC:2.6.1.90,3081
EC:2.7.1.166,3082
EC:2.7.1.224,3083
EC:2.7.7.33,3084
EC:2.7.8.14,3085
EC:2.7.8.47,3086
EC:3.1.1.89,3087
EC:3.1.30.2,3088
EC:3.1.6.6,3089
EC:3.2.1.151,3090
EC:3.2.1.89,3091
EC:3.2.2.28,3092
EC:3.4.21.48,3093
EC:3.4.21.81,3094
EC:3.4.22.59,3095
EC:3.4.23.1,3096
EC:3.5.1.129,3097
EC:3.5.1.41,3098
EC:3.6.1.11,3099
EC:3.7.1.22,3100
EC:4.1.2.47,3101
EC:4.1.2.55,3102
EC:4.1.2.61,3103
EC:4.2.1.135,3104
EC:4.2.1.153,3105
EC:4.2.1.77,3106
EC:4.2.1.83,3107
EC:4.2.2.23,3108
EC:4.2.3.197,3109
EC:4.2.3.33,3110
EC:4.3.1.17,3111
EC:5.2.1.4,3112
EC:5.4.3.9,3113
EC:5.4.99.1,3114
EC:5.4.99.51,3115
EC:6.3.4.22,3116
EC:7.2.1.3,3117
EC:7.2.2.5,3118
EC:7.4.2.7,3119
EC:7.5.2.5,3120
EC:1.1.1.163,3121
EC:1.1.1.361,3122
EC:1.1.1.370,3123
EC:1.1.1.381,3124
EC:1.1.1.398,3125
EC:1.1.1.64,3126
EC:1.11.1.10,3127
EC:1.11.1.11,3128
EC:1.11.1.12,3129
EC:1.11.2.1,3130
EC:1.13.11.43,3131
EC:1.13.11.55,3132
EC:1.14.11.40,3133
EC:1.14.11.65,3134
EC:1.14.13.25,3135
EC:1.14.13.8,3136
EC:1.14.14.145,3137
EC:1.14.14.46,3138
EC:1.14.15.13,3139
EC:1.2.1.39,3140
EC:1.2.1.84,3141
EC:1.21.3.8,3142
EC:1.3.1.102,3143
EC:1.3.3.5,3144
EC:1.3.7.3,3145
EC:1.5.99.12,3146
EC:2.1.1.106,3147
EC:2.1.1.113,3148
EC:2.1.1.117,3149
EC:2.1.1.140,3150
EC:2.1.1.214,3151
EC:2.1.1.233,3152
EC:2.1.1.275,3153
EC:2.1.1.288,3154
EC:2.1.1.298,3155
EC:2.1.1.304,3156
EC:2.1.1.311,3157
EC:2.1.1.313,3158
EC:2.1.1.315,3159
EC:2.1.1.348,3160
EC:2.1.1.357,3161
EC:2.1.1.68,3162
EC:2.1.1.n7,3163
EC:2.3.1.162,3164
EC:2.3.1.169,3165
EC:2.3.1.193,3166
EC:2.3.1.21,3167
EC:2.3.1.222,3168
EC:2.3.1.295,3169
EC:2.3.1.60,3170
EC:2.3.3.1,3171
EC:2.4.1.256,3172
EC:2.4.1.265,3173
EC:2.4.1.289,3174
EC:2.4.1.290,3175
EC:2.4.1.292,3176
EC:2.4.1.34,3177
EC:2.4.99.16,3178
EC:2.5.1.32,3179
EC:2.5.1.89,3180
EC:2.6.1.104,3181
EC:2.6.1.105,3182
EC:2.6.1.110,3183
EC:2.6.1.117,3184
EC:2.6.1.2,3185
EC:2.6.1.34,3186
EC:2.6.1.76,3187
EC:2.7.1.159,3188
EC:2.7.1.167,3189
EC:2.7.1.228,3190
EC:2.7.2.15,3191
EC:2.7.6.3,3192
EC:2.7.7.103,3193
EC:2.7.7.24,3194
EC:2.7.7.73,3195
EC:2.7.8.32,3196
EC:2.7.8.36,3197
EC:2.7.8.45,3198
EC:2.7.9.1,3199
EC:2.8.4.5,3200
EC:3.1.1.112,3201
EC:3.1.13.5,3202
EC:3.1.26.8,3203
EC:3.1.3.90,3204
EC:3.1.3.92,3205
EC:3.1.4.3,3206
EC:3.1.7.11,3207
EC:3.2.1.103,3208
EC:3.2.1.129,3209
EC:3.2.1.81,3210
EC:3.4.11.22,3211
EC:3.4.11.26,3212
EC:3.4.17.17,3213
EC:3.4.17.4,3214
EC:3.4.19.13,3215
EC:3.4.21.12,3216
EC:3.4.21.47,3217
EC:3.4.21.69,3218
EC:3.4.21.80,3219
EC:3.4.22.14,3220
EC:3.4.22.35,3221
EC:3.4.23.22,3222
EC:3.4.24.37,3223
EC:3.4.24.75,3224
EC:3.5.1.122,3225
EC:3.5.1.49,3226
EC:3.5.1.90,3227
EC:3.5.2.18,3228
EC:3.5.99.2,3229
EC:3.7.1.20,3230
EC:3.7.1.8,3231
EC:3.8.1.5,3232
EC:4.1.1.111,3233
EC:4.1.1.46,3234
EC:4.1.1.87,3235
EC:4.1.99.5,3236
EC:4.2.1.137,3237
EC:4.2.1.36,3238
EC:4.2.1.5,3239
EC:4.2.1.80,3240
EC:4.2.2.24,3241
EC:4.2.3.120,3242
EC:4.2.3.131,3243
EC:4.2.3.136,3244
EC:4.2.3.144,3245
EC:4.2.3.17,3246
EC:4.2.3.170,3247
EC:4.2.3.173,3248
EC:4.2.3.81,3249
EC:4.3.1.28,3250
EC:4.4.1.14,3251
EC:4.4.1.37,3252
EC:4.99.1.12,3253
EC:5.1.1.15,3254
EC:5.1.3.29,3255
EC:5.1.3.37,3256
EC:5.1.3.7,3257
EC:5.3.99.10,3258
EC:5.4.99.22,3259
EC:5.4.99.24,3260
EC:5.4.99.44,3261
EC:6.1.1.27,3262
EC:6.2.1.65,3263
EC:6.3.2.10,3264
EC:6.3.2.19,3265
EC:6.3.2.56,3266
EC:7.5.2.3,3267
EC:7.6.2.13,3268
EC:1.1.1.183,3269
EC:1.1.1.184,3270
EC:1.1.1.206,3271
EC:1.1.1.307,3272
EC:1.1.1.400,3273
EC:1.1.3.15,3274
EC:1.1.99.35,3275
EC:1.11.1.26,3276
EC:1.13.11.50,3277
EC:1.14.13.178,3278
EC:1.14.14.134,3279
EC:1.14.14.160,3280
EC:1.14.14.3,3281
EC:1.14.14.80,3282
EC:1.14.14.89,3283
EC:1.14.14.91,3284
EC:1.14.15.33,3285
EC:1.14.18.12,3286
EC:1.14.19.1,3287
EC:1.2.1.98,3288
EC:1.3.1.116,3289
EC:1.3.1.12,3290
EC:1.3.7.2,3291
EC:1.5.98.1,3292
EC:1.6.3.4,3293
EC:1.8.3.1,3294
EC:2.1.1.15,3295
EC:2.1.1.276,3296
EC:2.1.1.n11,3297
EC:2.3.1.161,3298
EC:2.3.1.82,3299
EC:2.4.1.212,3300
EC:2.4.1.222,3301
EC:2.4.1.32,3302
EC:2.4.2.27,3303
EC:2.4.2.41,3304
EC:2.4.99.21,3305
EC:2.5.1.134,3306
EC:2.5.1.20,3307
EC:2.6.1.112,3308
EC:2.7.1.189,3309
EC:2.7.1.19,3310
EC:2.7.1.195,3311
EC:2.7.1.199,3312
EC:2.7.11.2,3313
EC:2.7.11.31,3314
EC:2.7.6.2,3315
EC:2.7.7.15,3316
EC:2.8.3.16,3317
EC:3.1.3.82,3318
EC:3.1.4.1,3319
EC:3.2.1.183,3320
EC:3.2.2.5,3321
EC:3.4.14.1,3322
EC:3.4.17.2,3323
EC:3.4.19.5,3324
EC:3.4.24.29,3325
EC:3.4.24.53,3326
EC:3.5.5.1,3327
EC:4.1.1.117,3328
EC:4.1.1.97,3329
EC:4.1.2.50,3330
EC:4.1.2.52,3331
EC:4.1.3.16,3332
EC:4.2.1.116,3333
EC:4.2.1.47,3334
EC:4.2.2.15,3335
EC:4.2.3.130,3336
EC:4.2.3.28,3337
EC:5.1.3.42,3338
EC:5.3.1.13,3339
EC:6.2.1.32,3340
EC:6.3.2.17,3341
EC:7.2.2.16,3342
EC:7.5.2.1,3343
EC:1.1.1.298,3344
EC:1.1.1.341,3345
EC:1.1.1.342,3346
EC:1.1.2.9,3347
EC:1.10.3.11,3348
EC:1.11.1.5,3349
EC:1.14.11.39,3350
EC:1.14.12.3,3351
EC:1.14.14.105,3352
EC:1.14.14.157,3353
EC:1.14.14.17,3354
EC:1.17.1.4,3355
EC:1.2.1.46,3356
EC:1.5.1.47,3357
EC:1.6.5.5,3358
EC:1.7.1.17,3359
EC:1.7.5.1,3360
EC:2.1.1.128,3361
EC:2.1.1.211,3362
EC:2.1.1.244,3363
EC:2.1.1.260,3364
EC:2.1.1.342,3365
EC:2.3.1.178,3366
EC:2.3.1.262,3367
EC:2.3.1.284,3368
EC:2.3.1.4,3369
EC:2.4.1.131,3370
EC:2.4.1.14,3371
EC:2.4.1.202,3372
EC:2.4.1.234,3373
EC:2.4.1.283,3374
EC:2.4.1.322,3375
EC:2.4.2.51,3376
EC:2.6.1.113,3377
EC:2.6.1.85,3378
EC:2.8.3.21,3379
EC:3.1.3.39,3380
EC:3.1.3.4,3381
EC:3.13.1.3,3382
EC:3.2.1.150,3383
EC:3.4.21.116,3384
EC:3.4.22.50,3385
EC:3.4.22.71,3386
EC:3.4.23.44,3387
EC:3.4.23.48,3388
EC:3.5.1.102,3389
EC:3.5.1.25,3390
EC:3.5.4.38,3391
EC:3.6.1.13,3392
EC:4.1.1.72,3393
EC:4.2.1.136,3394
EC:4.2.1.154,3395
EC:4.2.1.78,3396
EC:4.2.3.153,3397
EC:5.1.1.19,3398
EC:5.1.3.10,3399
EC:5.4.99.2,3400
EC:5.5.1.1,3401
EC:6.2.1.45,3402
EC:6.3.2.54,3403
EC:7.5.2.4,3404
EC:1.1.1.102,3405
EC:1.1.1.108,3406
EC:1.13.11.20,3407
EC:1.14.11.53,3408
EC:1.14.11.n2,3409
EC:1.14.13.128,3410
EC:1.14.13.220,3411
EC:1.14.13.232,3412
EC:1.14.13.240,3413
EC:1.14.14.49,3414
EC:1.14.18.9,3415
EC:1.14.19.62,3416
EC:1.14.99.1,3417
EC:1.2.1.65,3418
EC:1.3.1.70,3419
EC:1.4.3.23,3420
EC:1.5.1.33,3421
EC:2.1.1.168,3422
EC:2.1.1.287,3423
EC:2.1.1.314,3424
EC:2.3.1.192,3425
EC:2.4.1.11,3426
EC:2.4.1.133,3427
EC:2.4.1.136,3428
EC:2.4.1.145,3429
EC:2.4.1.53,3430
EC:2.4.2.26,3431
EC:2.5.1.43,3432
EC:2.5.1.63,3433
EC:2.6.1.50,3434
EC:2.6.1.7,3435
EC:2.7.1.12,3436
EC:2.7.1.158,3437
EC:2.7.1.200,3438
EC:2.7.9.2,3439
EC:3.1.1.106,3440
EC:3.1.1.47,3441
EC:3.5.1.54,3442
EC:3.5.2.19,3443
EC:3.5.4.9,3444
EC:4.1.1.120,3445
EC:4.1.1.61,3446
EC:4.1.2.20,3447
EC:4.1.2.53,3448
EC:4.2.3.104,3449
EC:5.4.99.28,3450
EC:1.1.1.133,3451
EC:1.1.1.256,3452
EC:1.1.1.376,3453
EC:1.1.1.408,3454
EC:1.1.1.9,3455
EC:1.1.1.n4,3456
EC:1.13.11.51,3457
EC:1.13.12.6,3458
EC:1.14.11.11,3459
EC:1.14.11.13,3460
EC:1.14.11.28,3461
EC:1.14.13.107,3462
EC:1.14.13.167,3463
EC:1.14.13.209,3464
EC:1.14.13.38,3465
EC:1.14.14.119,3466
EC:1.14.14.150,3467
EC:1.14.14.152,3468
EC:1.14.14.85,3469
EC:1.14.14.99,3470
EC:1.14.19.20,3471
EC:1.14.19.56,3472
EC:1.16.1.9,3473
EC:1.2.1.13,3474
EC:1.2.1.78,3475
EC:1.2.5.1,3476
EC:1.20.4.1,3477
EC:1.3.1.101,3478
EC:1.3.1.33,3479
EC:1.3.1.58,3480
EC:1.3.1.92,3481
EC:1.3.7.1,3482
EC:1.3.98.3,3483
EC:1.4.1.13,3484
EC:1.4.3.13,3485
EC:1.4.3.3,3486
EC:1.5.1.36,3487
EC:1.5.1.51,3488
EC:1.5.5.1,3489
EC:1.6.5.4,3490
EC:1.7.2.3,3491
EC:2.1.1.10,3492
EC:2.1.1.101,3493
EC:2.1.1.107,3494
EC:2.1.1.122,3495
EC:2.1.1.179,3496
EC:2.1.1.183,3497
EC:2.1.1.201,3498
EC:2.1.1.307,3499
EC:2.1.1.327,3500
EC:2.1.1.85,3501
EC:2.2.1.3,3502
EC:2.3.1.168,3503
EC:2.3.1.182,3504
EC:2.3.1.204,3505
EC:2.3.1.230,3506
EC:2.3.1.237,3507
EC:2.3.1.245,3508
EC:2.3.1.94,3509
EC:2.4.1.121,3510
EC:2.4.1.135,3511
EC:2.4.1.19,3512
EC:2.4.1.198,3513
EC:2.4.1.242,3514
EC:2.4.1.253,3515
EC:2.4.1.294,3516
EC:2.4.1.311,3517
EC:2.4.1.87,3518
EC:2.4.1.9,3519
EC:2.4.99.18,3520
EC:2.5.1.48,3521
EC:2.5.1.93,3522
EC:2.7.1.149,3523
EC:2.7.1.31,3524
EC:2.7.11.16,3525
EC:2.7.7.46,3526
EC:2.7.7.61,3527
EC:2.7.7.66,3528
EC:2.7.7.70,3529
EC:2.7.7.79,3530
EC:2.7.7.90,3531
EC:2.7.8.27,3532
EC:2.7.8.29,3533
EC:2.7.8.8,3534
EC:2.8.2.20,3535
EC:2.8.3.25,3536
EC:3.1.1.45,3537
EC:3.1.1.59,3538
EC:3.1.1.95,3539
EC:3.1.21.3,3540
EC:3.1.3.103,3541
EC:3.1.3.64,3542
EC:3.1.3.78,3543
EC:3.1.3.84,3544
EC:3.1.3.9,3545
EC:3.1.4.16,3546
EC:3.2.1.72,3547
EC:3.4.17.13,3548
EC:3.4.17.14,3549
EC:3.4.21.108,3550
EC:3.4.21.25,3551
EC:3.4.21.41,3552
EC:3.4.21.42,3553
EC:3.4.21.7,3554
EC:3.4.22.40,3555
EC:3.4.23.38,3556
EC:3.4.23.39,3557
EC:3.4.24.24,3558
EC:3.4.24.30,3559
EC:3.5.1.107,3560
EC:3.5.1.13,3561
EC:3.5.1.3,3562
EC:3.5.1.77,3563
EC:3.5.3.15,3564
EC:3.5.4.3,3565
EC:3.5.4.45,3566
EC:3.5.4.6,3567
EC:3.6.1.63,3568
EC:3.7.1.14,3569
EC:4.1.3.36,3570
EC:4.2.1.119,3571
EC:4.2.1.121,3572
EC:4.2.1.55,3573
EC:4.2.2.n2,3574
EC:4.2.3.158,3575
EC:4.2.3.204,3576
EC:4.2.3.35,3577
EC:4.2.3.6,3578
EC:4.2.3.62,3579
EC:4.4.1.3,3580
EC:4.5.1.3,3581
EC:5.1.1.12,3582
EC:5.3.99.3,3583
EC:5.4.99.20,3584
EC:5.4.99.36,3585
EC:5.5.1.13,3586
EC:6.2.1.2,3587
EC:6.3.3.2,3588
EC:7.4.2.10,3589
EC:1.1.1.271,3590
EC:1.1.1.282,3591
EC:1.1.1.286,3592
EC:1.1.1.362,3593
EC:1.1.1.61,3594
EC:1.1.99.24,3595
EC:1.12.98.3,3596
EC:1.13.11.12,3597
EC:1.14.11.25,3598
EC:1.14.11.32,3599
EC:1.14.11.45,3600
EC:1.14.11.9,3601
EC:1.14.12.19,3602
EC:1.14.12.25,3603
EC:1.14.13.168,3604
EC:1.14.14.102,3605
EC:1.14.14.98,3606
EC:1.14.19.17,3607
EC:1.17.4.2,3608
EC:1.2.7.3,3609
EC:1.2.7.7,3610
EC:1.3.3.4,3611
EC:2.1.1.184,3612
EC:2.1.1.243,3613
EC:2.10.1.1,3614
EC:2.3.1.171,3615
EC:2.3.1.287,3616
EC:2.3.1.75,3617
EC:2.3.2.21,3618
EC:2.4.1.183,3619
EC:2.4.1.192,3620
EC:2.4.1.270,3621
EC:2.4.1.309,3622
EC:2.4.1.80,3623
EC:2.4.99.1,3624
EC:2.5.1.27,3625
EC:2.5.1.34,3626
EC:2.5.1.82,3627
EC:2.6.1.21,3628
EC:2.7.1.192,3629
EC:2.7.1.202,3630
EC:2.7.1.204,3631
EC:2.7.1.214,3632
EC:2.7.1.215,3633
EC:2.7.4.14,3634
EC:2.7.7.43,3635
EC:3.1.1.8,3636
EC:3.1.2.32,3637
EC:3.1.3.45,3638
EC:3.1.4.37,3639
EC:3.1.6.1,3640
EC:3.1.7.2,3641
EC:3.2.1.157,3642
EC:3.2.1.171,3643
EC:3.2.1.176,3644
EC:3.2.1.65,3645
EC:3.2.2.1,3646
EC:3.4.11.10,3647
EC:3.4.14.12,3648
EC:3.4.21.101,3649
EC:3.4.21.104,3650
EC:3.4.21.65,3651
EC:3.4.23.35,3652
EC:3.5.1.104,3653
EC:3.5.1.56,3654
EC:3.5.1.97,3655
EC:3.7.1.7,3656
EC:3.8.1.7,3657
EC:4.1.2.43,3658
EC:4.1.3.4,3659
EC:4.2.1.149,3660
EC:4.2.1.66,3661
EC:4.2.3.166,3662
EC:4.2.3.196,3663
EC:4.3.2.7,3664
EC:4.99.1.3,3665
EC:5.1.1.17,3666
EC:5.1.3.14,3667
EC:6.3.5.9,3668
EC:6.4.1.4,3669
EC:1.1.1.116,3670
EC:1.1.1.325,3671
EC:1.1.1.395,3672
EC:1.1.1.402,3673
EC:1.12.98.1,3674
EC:1.12.98.2,3675
EC:1.13.99.1,3676
EC:1.14.14.141,3677
EC:1.14.15.6,3678
EC:1.14.16.7,3679
EC:1.14.19.33,3680
EC:1.14.20.1,3681
EC:1.16.1.7,3682
EC:1.2.7.12,3683
EC:1.3.1.22,3684
EC:1.3.7.11,3685
EC:1.5.1.38,3686
EC:1.5.1.49,3687
EC:2.1.1.102,3688
EC:2.1.1.116,3689
EC:2.1.1.150,3690
EC:2.1.1.159,3691
EC:2.1.1.200,3692
EC:2.1.1.235,3693
EC:2.1.1.n8,3694
EC:2.3.1.101,3695
EC:2.3.1.111,3696
EC:2.3.1.140,3697
EC:2.3.1.191,3698
EC:2.3.1.209,3699
EC:2.3.1.59,3700
EC:2.4.1.115,3701
EC:2.4.1.142,3702
EC:2.4.1.361,3703
EC:2.5.1.87,3704
EC:2.6.1.101,3705
EC:2.7.1.175,3706
EC:2.7.2.16,3707
EC:2.7.7.76,3708
EC:2.7.7.84,3709
EC:3.1.1.17,3710
EC:3.1.2.1,3711
EC:3.1.2.4,3712
EC:3.4.17.21,3713
EC:3.4.23.18,3714
EC:3.4.24.11,3715
EC:3.4.24.64,3716
EC:3.5.2.15,3717
EC:3.6.1.29,3718
EC:3.6.1.55,3719
EC:4.1.3.30,3720
EC:4.1.3.44,3721
EC:4.2.1.130,3722
EC:4.2.3.121,3723
EC:4.2.3.147,3724
EC:4.2.3.38,3725
EC:4.2.3.75,3726
EC:5.1.2.7,3727
EC:5.3.1.30,3728
EC:5.3.99.2,3729
EC:5.4.4.2,3730
EC:5.4.99.26,3731
EC:5.4.99.37,3732
EC:5.5.1.16,3733
EC:5.5.1.28,3734
EC:6.3.3.6,3735
EC:6.5.1.9,3736
EC:1.1.1.257,3737
EC:1.1.1.302,3738
EC:1.1.1.374,3739
EC:1.1.1.390,3740
EC:1.1.1.67,3741
EC:1.1.3.8,3742
EC:1.11.1.14,3743
EC:1.11.2.3,3744
EC:1.13.11.84,3745
EC:1.13.11.9,3746
EC:1.14.11.26,3747
EC:1.14.13.196,3748
EC:1.14.15.31,3749
EC:1.14.16.2,3750
EC:1.14.19.70,3751
EC:1.16.1.1,3752
EC:1.2.1.83,3753
EC:1.2.7.11,3754
EC:1.2.7.8,3755
EC:1.3.1.124,3756
EC:1.3.8.1,3757
EC:1.4.3.24,3758
EC:1.4.7.1,3759
EC:1.7.2.4,3760
EC:1.8.4.14,3761
EC:1.8.4.2,3762
EC:2.1.1.100,3763
EC:2.1.1.225,3764
EC:2.1.1.232,3765
EC:2.1.1.281,3766
EC:2.1.1.293,3767
EC:2.1.1.4,3768
EC:2.1.1.41,3769
EC:2.1.3.6,3770
EC:2.2.1.10,3771
EC:2.3.1.150,3772
EC:2.3.1.226,3773
EC:2.3.1.229,3774
EC:2.3.3.19,3775
EC:2.4.1.10,3776
EC:2.4.1.123,3777
EC:2.4.1.243,3778
EC:2.4.1.248,3779
EC:2.4.1.268,3780
EC:2.4.1.300,3781
EC:2.4.1.312,3782
EC:2.4.1.52,3783
EC:2.5.1.76,3784
EC:2.7.1.78,3785
EC:2.7.1.95,3786
EC:2.7.11.14,3787
EC:2.9.1.2,3788
EC:3.1.26.n2,3789
EC:3.1.3.15,3790
EC:3.1.3.99,3791
EC:3.1.4.58,3792
EC:3.2.1.10,3793
EC:3.2.1.139,3794
EC:3.2.1.199,3795
EC:3.2.1.83,3796
EC:3.4.11.1,3797
EC:3.4.21.102,3798
EC:3.4.23.50,3799
EC:3.4.24.40,3800
EC:3.5.1.60,3801
EC:3.5.4.46,3802
EC:4.1.1.18,3803
EC:4.1.1.21,3804
EC:4.1.1.28,3805
EC:4.1.1.35,3806
EC:4.1.2.11,3807
EC:4.1.2.27,3808
EC:4.1.2.62,3809
EC:4.1.3.45,3810
EC:4.2.3.114,3811
EC:4.2.3.185,3812
EC:4.2.3.58,3813
EC:4.4.1.17,3814
EC:4.6.1.20,3815
EC:5.1.3.11,3816
EC:5.4.99.30,3817
EC:5.4.99.8,3818
EC:7.2.2.14,3819
EC:7.2.2.9,3820
EC:7.4.2.5,3821
EC:7.6.2.3,3822
EC:1.1.1.105,3823
EC:1.1.1.124,3824
EC:1.1.1.26,3825
EC:1.1.1.283,3826
EC:1.1.1.336,3827
EC:1.1.1.346,3828
EC:1.1.1.364,3829
EC:1.1.1.409,3830
EC:1.11.1.18,3831
EC:1.11.1.20,3832
EC:1.11.1.25,3833
EC:1.13.12.9,3834
EC:1.14.11.15,3835
EC:1.14.11.4,3836
EC:1.14.11.41,3837
EC:1.14.11.55,3838
EC:1.14.11.7,3839
EC:1.14.13.181,3840
EC:1.14.13.50,3841
EC:1.14.13.7,3842
EC:1.14.13.83,3843
EC:1.14.14.118,3844
EC:1.14.14.137,3845
EC:1.14.14.168,3846
EC:1.14.14.30,3847
EC:1.14.14.38,3848
EC:1.14.14.9,3849
EC:1.14.15.24,3850
EC:1.14.16.4,3851
EC:1.14.18.2,3852
EC:1.14.19.49,3853
EC:1.14.19.65,3854
EC:1.14.20.4,3855
EC:1.14.99.65,3856
EC:1.17.5.2,3857
EC:1.17.98.2,3858
EC:1.18.1.6,3859
EC:1.2.1.24,3860
EC:1.2.1.5,3861
EC:1.2.1.51,3862
EC:1.2.1.62,3863
EC:1.2.1.79,3864
EC:1.21.3.1,3865
EC:1.21.99.3,3866
EC:1.3.1.115,3867
EC:1.3.1.2,3868
EC:1.3.1.87,3869
EC:1.3.3.13,3870
EC:1.3.5.6,3871
EC:1.3.7.15,3872
EC:1.3.8.7,3873
EC:1.3.99.36,3874
EC:1.4.9.1,3875
EC:1.5.99.13,3876
EC:1.7.1.15,3877
EC:1.8.1.14,3878
EC:1.8.1.5,3879
EC:1.8.3.4,3880
EC:1.8.7.1,3881
EC:1.8.7.2,3882
EC:1.97.1.2,3883
EC:2.1.1.151,3884
EC:2.1.1.180,3885
EC:2.1.1.249,3886
EC:2.1.1.261,3887
EC:2.1.1.268,3888
EC:2.1.1.292,3889
EC:2.1.1.301,3890
EC:2.1.1.335,3891
EC:2.1.1.362,3892
EC:2.1.1.372,3893
EC:2.1.1.8,3894
EC:2.1.4.1,3895
EC:2.3.1.179,3896
EC:2.3.1.22,3897
EC:2.3.1.227,3898
EC:2.3.1.238,3899
EC:2.3.1.244,3900
EC:2.3.1.252,3901
EC:2.3.1.255,3902
EC:2.3.1.258,3903
EC:2.3.1.26,3904
EC:2.3.1.292,3905
EC:2.3.1.35,3906
EC:2.3.1.54,3907
EC:2.3.1.86,3908
EC:2.4.1.117,3909
EC:2.4.1.122,3910
EC:2.4.1.141,3911
EC:2.4.1.152,3912
EC:2.4.1.186,3913
EC:2.4.1.221,3914
EC:2.4.1.267,3915
EC:2.4.1.269,3916
EC:2.4.1.306,3917
EC:2.4.1.317,3918
EC:2.4.1.318,3919
EC:2.4.1.327,3920
EC:2.4.1.46,3921
EC:2.4.1.65,3922
EC:2.4.1.68,3923
EC:2.4.1.83,3924
EC:2.4.2.2,3925
EC:2.4.2.44,3926
EC:2.4.2.64,3927
EC:2.5.1.105,3928
EC:2.5.1.114,3929
EC:2.5.1.122,3930
EC:2.5.1.138,3931
EC:2.5.1.25,3932
EC:2.5.1.58,3933
EC:2.5.1.83,3934
EC:2.6.1.5,3935
EC:2.6.1.57,3936
EC:2.6.1.96,3937
EC:2.7.1.119,3938
EC:2.7.1.217,3939
EC:2.7.1.45,3940
EC:2.7.1.82,3941
EC:2.7.1.83,3942
EC:2.7.1.91,3943
EC:2.7.11.10,3944
EC:2.7.11.15,3945
EC:2.7.3.5,3946
EC:2.7.4.2,3947
EC:2.7.7.88,3948
EC:2.7.8.15,3949
EC:2.7.8.24,3950
EC:2.7.8.42,3951
EC:2.8.1.14,3952
EC:2.8.2.1,3953
EC:2.8.5.2,3954
EC:3.1.1.81,3955
EC:3.1.16.1,3956
EC:3.1.22.1,3957
EC:3.1.3.24,3958
EC:3.1.3.56,3959
EC:3.2.1.132,3960
EC:3.2.1.147,3961
EC:3.2.1.40,3962
EC:3.2.1.49,3963
EC:3.2.1.75,3964
EC:3.2.2.8,3965
EC:3.3.2.3,3966
EC:3.4.11.19,3967
EC:3.4.11.21,3968
EC:3.4.14.9,3969
EC:3.4.19.1,3970
EC:3.4.19.9,3971
EC:3.4.21.111,3972
EC:3.4.21.59,3973
EC:3.4.21.68,3974
EC:3.4.21.74,3975
EC:3.4.22.2,3976
EC:3.4.22.25,3977
EC:3.4.22.36,3978
EC:3.4.22.47,3979
EC:3.4.22.53,3980
EC:3.4.23.3,3981
EC:3.4.23.32,3982
EC:3.4.23.5,3983
EC:3.4.24.66,3984
EC:3.4.24.7,3985
EC:3.5.1.128,3986
EC:3.5.1.19,3987
EC:3.5.2.12,3988
EC:3.5.3.18,3989
EC:3.5.4.12,3990
EC:3.5.4.34,3991
EC:3.5.4.36,3992
EC:3.5.4.42,3993
EC:3.6.1.3,3994
EC:3.6.1.32,3995
EC:3.6.1.6,3996
EC:3.7.1.18,3997
EC:3.8.1.10,3998
EC:4.1.1.110,3999
EC:4.1.1.25,4000
EC:4.1.1.5,4001
EC:4.1.1.85,4002
EC:4.1.2.14,4003
EC:4.1.2.48,4004
EC:4.1.2.59,4005
EC:4.1.99.2,4006
EC:4.2.1.106,4007
EC:4.2.1.145,4008
EC:4.2.1.32,4009
EC:4.2.2.17,4010
EC:4.2.2.5,4011
EC:4.2.3.140,4012
EC:4.2.3.19,4013
EC:4.2.3.52,4014
EC:4.2.3.74,4015
EC:4.2.3.8,4016
EC:4.3.2.9,4017
EC:4.4.1.1,4018
EC:5.1.1.10,4019
EC:5.1.1.11,4020
EC:5.1.2.2,4021
EC:5.1.3.27,4022
EC:5.1.99.1,4023
EC:5.3.1.32,4024
EC:5.4.2.3,4025
EC:5.4.99.39,4026
EC:5.4.99.67,4027
EC:5.5.1.12,4028
EC:5.5.1.19,4029
EC:6.2.1.57,4030
EC:6.2.1.64,4031
EC:6.3.1.8,4032
EC:6.3.2.5,4033
EC:7.3.2.7,4034
EC:7.4.2.9,4035
EC:1.2.98.1,4036
EC:4.1.1.43,4037
EC:4.1.2.41,4038
EC:1.3.7.9,4039
EC:4.2.3.22,4040
EC:1.1.1.154,4041
EC:1.17.99.5,4042
EC:1.5.8.1,4043
EC:2.1.1.212,4044
EC:5.4.1.2,4045
